Datum;Temperatur;Verbrauch
01.01.2015;1.6;1096852.75
02.01.2015;1.5;1288914.75
03.01.2015;1.1;1213309.5
04.01.2015;2.2;1177896
05.01.2015;0.1;1425927.5
06.01.2015;-3.3;1434875
07.01.2015;1.5;1548897
08.01.2015;6.1;1573448.5
09.01.2015;8.9;1551795.5
10.01.2015;12.8;1330121.5
11.01.2015;5.8;1245315.5
12.01.2015;7.1;1572223
13.01.2015;9.1;1557794.25
14.01.2015;6.1;1554254.25
15.01.2015;7.5;1580828.75
16.01.2015;6.1;1534068.75
17.01.2015;3.8;1329000.75
18.01.2015;0.6;1243108.75
19.01.2015;-1.3;1559946
20.01.2015;0.4;1595471.5
21.01.2015;1;1594371.75
22.01.2015;1.9;1605934
23.01.2015;1.6;1580198
24.01.2015;-0.6;1391848.5
25.01.2015;-0.2;1265055.75
26.01.2015;1.2;1581008
27.01.2015;3.5;1592247.25
28.01.2015;3.6;1613410.75
29.01.2015;2.8;1596585.25
30.01.2015;1.8;1562849.25
31.01.2015;1.6;1345132.25
01.02.2015;2;1250357
02.02.2015;2.5;1592531
03.02.2015;0;1620916.5
04.02.2015;-1.3;1626316.25
05.02.2015;-0.4;1623523.25
06.02.2015;0.3;1597303
07.02.2015;-1.5;1395147.25
08.02.2015;1;1281069
09.02.2015;1.2;1595861.75
10.02.2015;3.2;1599749.5
11.02.2015;2.7;1594669.25
12.02.2015;0.8;1593174.5
13.02.2015;1;1562459
14.02.2015;1.5;1347657.5
15.02.2015;-0.7;1242427.5
16.02.2015;2.1;1512297.75
17.02.2015;2.1;1581008
18.02.2015;2.7;1589465
19.02.2015;0.5;1595995.75
20.02.2015;4.8;1557110.25
21.02.2015;5.6;1335687.25
22.02.2015;1.9;1238835.25
23.02.2015;2;1571784.25
24.02.2015;4.7;1584692.75
25.02.2015;4.4;1563406.5
26.02.2015;5.7;1561393.25
27.02.2015;4.8;1548504.5
28.02.2015;3.6;1332163.75
01.03.2015;6.6;1234739
02.03.2015;7.9;1527631.75
03.03.2015;6.3;1561668.75
04.03.2015;5.4;1572267.5
05.03.2015;4.7;1562429.25
06.03.2015;3.8;1530533
07.03.2015;3.4;1308026.75
08.03.2015;5.5;1175447
09.03.2015;7.8;1480349.25
10.03.2015;5.9;1525742
11.03.2015;5.6;1520659.25
12.03.2015;4.4;1521546.25
13.03.2015;5;1508895.25
14.03.2015;5.3;1317439
15.03.2015;5.9;1210941.25
16.03.2015;7.8;1491624
17.03.2015;10;1486214
18.03.2015;10.5;1476652.75
19.03.2015;10.5;1486948.25
20.03.2015;8;1473212
21.03.2015;4.9;1297006
22.03.2015;6.2;1178667.25
23.03.2015;4.2;1474552.5
24.03.2015;6.4;1497185.5
25.03.2015;9.9;1483083
26.03.2015;7.8;1502972.25
27.03.2015;9;1492776.25
28.03.2015;9;1274739.75
29.03.2015;11.2;1136477.5
30.03.2015;8.7;1490755.25
31.03.2015;9.8;1530603.5
01.04.2015;6.8;1530356.5
02.04.2015;6.8;1495043
03.04.2015;5.9;1174168
04.04.2015;6.1;1170216.75
05.04.2015;5.7;1078906
06.04.2015;4.8;1103790.5
07.04.2015;6;1446748.25
08.04.2015;8.2;1458387
09.04.2015;11.2;1430608.25
10.04.2015;12.7;1403490.75
11.04.2015;13.4;1220022.25
12.04.2015;13.2;1104281.5
13.04.2015;12.4;1422882.25
14.04.2015;13.5;1451877.5
15.04.2015;16.6;1446631.5
16.04.2015;17.1;1435797
17.04.2015;12;1420430.75
18.04.2015;9;1204574.5
19.04.2015;10.4;1098683
20.04.2015;13.3;1399052.25
21.04.2015;15.1;1421485.5
22.04.2015;11.9;1399100
23.04.2015;10.1;1389804.75
24.04.2015;12.6;1377649.75
25.04.2015;12.5;1187569.5
26.04.2015;16.1;1075979.25
27.04.2015;13;1413651.25
28.04.2015;10.9;1435329.75
29.04.2015;10;1432913.5
30.04.2015;11.8;1412109.25
01.05.2015;9.6;1075570.5
02.05.2015;12;1111235.5
03.05.2015;14.8;1091218.25
04.05.2015;18.8;1385776
05.05.2015;20.5;1438372.5
06.05.2015;15.2;1422623
07.05.2015;13.6;1423764
08.05.2015;16.7;1384680.5
09.05.2015;17;1187495.75
10.05.2015;15.7;1073386
11.05.2015;17.9;1391791
12.05.2015;20.9;1417129.5
13.05.2015;16.9;1393403.5
14.05.2015;16;1089956
15.05.2015;16.2;1231519.75
16.05.2015;15.5;1144990.5
17.05.2015;14.7;1061435.25
18.05.2015;16.7;1371581.5
19.05.2015;15.4;1428677.5
20.05.2015;11.6;1406578.5
21.05.2015;11.5;1405156.25
22.05.2015;13.7;1380327.5
23.05.2015;17;1162168
24.05.2015;17.6;1004036.25
25.05.2015;15.7;1032525.75
26.05.2015;13;1353657.75
27.05.2015;10.7;1394642
28.05.2015;14.9;1402278.5
29.05.2015;15;1377218
30.05.2015;14.9;1184791.25
31.05.2015;16.1;1068924.75
01.06.2015;15.1;1357172
02.06.2015;18.4;1426045.25
03.06.2015;20.4;1406184.25
04.06.2015;20.1;1196726.5
05.06.2015;24;1310531.75
06.06.2015;24.6;1174324
07.06.2015;22.1;1052549.5
08.06.2015;17.6;1373450
09.06.2015;16.1;1413813.25
10.06.2015;16.7;1418292.25
11.06.2015;21.3;1404924.25
12.06.2015;22.9;1396584.25
13.06.2015;21;1183551
14.06.2015;21.3;1055201.25
15.06.2015;20.6;1354365.75
16.06.2015;17.7;1379174.25
17.06.2015;16.8;1383312
18.06.2015;16.2;1398559
19.06.2015;13.2;1383682.75
20.06.2015;14.3;1158266.5
21.06.2015;15.6;1066681.5
22.06.2015;14.4;1364658
23.06.2015;13.1;1403901.25
24.06.2015;15.2;1418049
25.06.2015;18;1400194
26.06.2015;20.5;1374364.75
27.06.2015;20.1;1177172.75
28.06.2015;19;1049237
29.06.2015;22.6;1360981.75
30.06.2015;23.9;1382484.25
01.07.2015;25.7;1423537
02.07.2015;27.9;1461593.75
03.07.2015;28.6;1433013.25
04.07.2015;29.9;1216157.25
05.07.2015;30.2;1106196.75
06.07.2015;23.8;1407216.5
07.07.2015;24.7;1438257.75
08.07.2015;21;1436067.25
09.07.2015;17.7;1411164.25
10.07.2015;17.9;1376786
11.07.2015;23.2;1170569.25
12.07.2015;21.7;1082322.5
13.07.2015;20.3;1386611.5
14.07.2015;22.8;1422298.5
15.07.2015;23.4;1419442.75
16.07.2015;25.7;1422858.75
17.07.2015;27.2;1411155.75
18.07.2015;24.2;1173462
19.07.2015;23.1;1075339.25
20.07.2015;23.5;1375381.75
21.07.2015;26.3;1432158.75
22.07.2015;26.7;1435284
23.07.2015;23;1407231
24.07.2015;24.6;1380103.75
25.07.2015;19.3;1203321
26.07.2015;17.1;1056176.25
27.07.2015;19.4;1352494
28.07.2015;19.2;1388360.75
29.07.2015;16.2;1378486
30.07.2015;16.1;1377652.75
31.07.2015;17.3;1334274
01.08.2015;20.2;1140056.5
02.08.2015;21.7;1040171.75
03.08.2015;24.1;1341428.5
04.08.2015;21;1378695
05.08.2015;22.1;1356978.75
06.08.2015;25.7;1385305.25
07.08.2015;28.6;1359287.25
08.08.2015;27.4;1189120.25
09.08.2015;24.9;1077699.75
10.08.2015;24;1349076
11.08.2015;24.3;1389722
12.08.2015;26.3;1387330
13.08.2015;27.9;1393746.25
14.08.2015;22.8;1370371.75
15.08.2015;21;1153315.5
16.08.2015;17.3;1063923.5
17.08.2015;16.2;1347075.75
18.08.2015;16.6;1363137.75
19.08.2015;16.5;1355961
20.08.2015;17.8;1363692.5
21.08.2015;18.7;1342451.75
22.08.2015;20.4;1156390.25
23.08.2015;20.4;1069342.25
24.08.2015;18.8;1374361.5
25.08.2015;17.7;1409083.5
26.08.2015;20.6;1411981.25
27.08.2015;24.3;1414906
28.08.2015;18.4;1380512.75
29.08.2015;23.5;1174553.5
30.08.2015;25.7;1079632.25
31.08.2015;26.7;1395918
01.09.2015;20.5;1435239.75
02.09.2015;17.7;1410018.25
03.09.2015;18.2;1400276
04.09.2015;14.6;1384113.25
05.09.2015;13.2;1188822.75
06.09.2015;14;1099124.25
07.09.2015;13.5;1382586.75
08.09.2015;15.1;1414328
09.09.2015;15.9;1401616
10.09.2015;16;1404584
11.09.2015;14.9;1393470.25
12.09.2015;17.8;1196281.25
13.09.2015;18;1093266.25
14.09.2015;16.4;1407604.75
15.09.2015;14.2;1447300.5
16.09.2015;16.6;1450007.5
17.09.2015;14.5;1458469
18.09.2015;14.8;1400770.5
19.09.2015;14.2;1186330.25
20.09.2015;13.7;1090959.75
21.09.2015;13.3;1390748.5
22.09.2015;13.7;1435608
23.09.2015;12.9;1434547
24.09.2015;13.7;1433948.25
25.09.2015;13.9;1413457.25
26.09.2015;15.2;1212919.75
27.09.2015;14.6;1095111
28.09.2015;13.1;1407247.5
29.09.2015;14;1446055
30.09.2015;13.1;1439201
01.10.2015;11.5;1411533.5
02.10.2015;12.5;1387105.25
03.10.2015;13.1;1103941.75
04.10.2015;11.8;1081326
05.10.2015;12.9;1381206.5
06.10.2015;17;1462233.25
07.10.2015;15.3;1456866
08.10.2015;12;1451470
09.10.2015;12.7;1423404.5
10.10.2015;12.1;1210169.5
11.10.2015;10.4;1111534
12.10.2015;8.2;1420595.25
13.10.2015;6.7;1490625
14.10.2015;4.3;1523737.25
15.10.2015;5;1521378.25
16.10.2015;6.5;1487050.25
17.10.2015;7;1259580.5
18.10.2015;7.5;1155736.25
19.10.2015;7.7;1460230.75
20.10.2015;9.6;1490949.5
21.10.2015;9;1486456.25
22.10.2015;9.6;1495807.5
23.10.2015;11.4;1455423
24.10.2015;10.6;1245788.5
25.10.2015;12.1;1197595.5
26.10.2015;9.7;1438709.25
27.10.2015;7.7;1483668.25
28.10.2015;9.2;1495979.25
29.10.2015;10.5;1486544.25
30.10.2015;10.6;1464909.5
31.10.2015;8.2;1227707.75
01.11.2015;5;1143829.75
02.11.2015;4.6;1459486.25
03.11.2015;3.9;1501974
04.11.2015;7.9;1501964.25
05.11.2015;10.1;1480819
06.11.2015;14;1462573.5
07.11.2015;15.5;1266163.75
08.11.2015;13.4;1150594.25
09.11.2015;15.5;1480767
10.11.2015;14.2;1518108
11.11.2015;11.5;1507564.25
12.11.2015;9.8;1509683.5
13.11.2015;8.9;1510891.75
14.11.2015;9.6;1301251.25
15.11.2015;11.6;1208250.25
16.11.2015;8.9;1494604.25
17.11.2015;12.7;1540540.25
18.11.2015;14.7;1537272.5
19.11.2015;14.5;1561215
20.11.2015;8.5;1522261
21.11.2015;4;1314882.25
22.11.2015;2.8;1231515.75
23.11.2015;2.4;1543575.5
24.11.2015;1.3;1613177.5
25.11.2015;2.9;1601158.25
26.11.2015;3.6;1579375
27.11.2015;-0.6;1554779
28.11.2015;2.7;1359668.75
29.11.2015;7.4;1271987.25
30.11.2015;11.2;1560671.5
01.12.2015;11.2;1573020.25
02.12.2015;10.2;1564814.25
03.12.2015;6.8;1546209
04.12.2015;5.6;1543396.5
05.12.2015;5.2;1327450
06.12.2015;7.5;1228762.5
07.12.2015;7.6;1511653.25
08.12.2015;3.4;1559995.25
09.12.2015;6.1;1561420.5
10.12.2015;0.7;1583296
11.12.2015;4.7;1572780.75
12.12.2015;9.3;1319755.5
13.12.2015;9.2;1224080
14.12.2015;5.7;1530778.75
15.12.2015;6.3;1546101
16.12.2015;8.8;1544798.75
17.12.2015;11.3;1491738.5
18.12.2015;10.9;1451211.25
19.12.2015;9.6;1250281.75
20.12.2015;7.7;1162253.5
21.12.2015;9.8;1388590.75
22.12.2015;11;1371253.25
23.12.2015;8.5;1313767.5
24.12.2015;9.2;1121023
25.12.2015;12.2;1035062
26.12.2015;9.6;1041610.5
27.12.2015;7.6;1067574.5
28.12.2015;1.9;1211307.25
29.12.2015;2.6;1223232.75
30.12.2015;5;1230753.5
31.12.2015;3.4;1164582.5
01.01.2016;5.2;1056996.25
02.01.2016;4.7;1194341.5
03.01.2016;6;1179005.75
04.01.2016;5.4;1443721
05.01.2016;5.4;1496659
06.01.2016;5.5;1446303.75
07.01.2016;5.2;1538899
08.01.2016;4.3;1519486.75
09.01.2016;1.9;1300208.25
10.01.2016;6.3;1217998.25
11.01.2016;6;1545820.75
12.01.2016;5.7;1570874
13.01.2016;5.4;1584378
14.01.2016;3;1571944.5
15.01.2016;2.5;1573183
16.01.2016;2.2;1352447.75
17.01.2016;0;1264881.25
18.01.2016;-4;1601320.75
19.01.2016;-4.9;1645530
20.01.2016;-3.1;1635927.25
21.01.2016;-0.9;1626742.25
22.01.2016;-3.2;1618786.75
23.01.2016;3.5;1387336.25
24.01.2016;3.7;1257062.5
25.01.2016;7.3;1529881.5
26.01.2016;8.4;1558803.5
27.01.2016;11.2;1571806.75
28.01.2016;9.9;1550571.5
29.01.2016;6.2;1536184.25
30.01.2016;7.5;1345614.25
31.01.2016;6.5;1229194.5
01.02.2016;12.9;1539382.5
02.02.2016;11;1575889.5
03.02.2016;5.7;1574476.75
04.02.2016;4.8;1574177.5
05.02.2016;6.5;1531236
06.02.2016;5.9;1301268
07.02.2016;7;1205885.25
08.02.2016;7.8;1505158
09.02.2016;8.1;1553398.25
10.02.2016;4.1;1575404
11.02.2016;4.7;1548130.25
12.02.2016;3.8;1527371.5
13.02.2016;4.5;1333147.5
14.02.2016;7.2;1232865.5
15.02.2016;4.1;1554765
16.02.2016;1.7;1583499.5
17.02.2016;2;1597377.75
18.02.2016;2.7;1560715.5
19.02.2016;2.2;1559821
20.02.2016;4.7;1385359.5
21.02.2016;11.6;1240377.25
22.02.2016;11.6;1538585
23.02.2016;2.9;1558182.75
24.02.2016;3;1548715
25.02.2016;2.4;1555622.75
26.02.2016;1.4;1514776
27.02.2016;3.6;1294879.5
28.02.2016;3.1;1208862.25
29.02.2016;3.8;1518861.5
01.03.2016;3.9;1582560.75
02.03.2016;5.3;1567465
03.03.2016;3.2;1551639.75
04.03.2016;4.1;1530989
05.03.2016;5.8;1305330
06.03.2016;3.5;1209940.25
07.03.2016;3.5;1502170.75
08.03.2016;2.1;1548290.75
09.03.2016;2.4;1541114
10.03.2016;3.6;1528542.5
11.03.2016;5.5;1506180
12.03.2016;5.1;1300580
13.03.2016;6.5;1187959.5
14.03.2016;5.7;1475316
15.03.2016;3.8;1537672
16.03.2016;5.8;1534324.25
17.03.2016;6.4;1502820.25
18.03.2016;6.5;1496240.5
19.03.2016;5.4;1292633.75
20.03.2016;5.5;1195019.75
21.03.2016;6.7;1487546.5
22.03.2016;8.2;1509273.75
23.03.2016;7.9;1501967
24.03.2016;7.7;1473992.25
25.03.2016;6.9;1193680.5
26.03.2016;8.9;1171675
27.03.2016;9.4;1039634.75
28.03.2016;8.4;1119207.75
29.03.2016;9.7;1420080.25
30.03.2016;9.6;1469200.25
31.03.2016;10.2;1458785
01.04.2016;6.8;1448453.75
02.04.2016;8.7;1220290
03.04.2016;14.5;1103710.75
04.04.2016;14.5;1390255.25
05.04.2016;12.8;1436506.5
06.04.2016;12.9;1466539.75
07.04.2016;9.9;1464194.75
08.04.2016;7.5;1427241.75
09.04.2016;8.1;1202734.5
10.04.2016;12;1094757.75
11.04.2016;12.6;1399090.75
12.04.2016;11.9;1424561
13.04.2016;10.6;1445908.5
14.04.2016;11.2;1443869.75
15.04.2016;12.2;1426265.25
16.04.2016;11.8;1218591
17.04.2016;8.8;1103354.25
18.04.2016;9.9;1401868.25
19.04.2016;9.3;1433439.5
20.04.2016;10.5;1417926.25
21.04.2016;13.3;1408797.5
22.04.2016;13;1392434.75
23.04.2016;7.6;1207675.75
24.04.2016;5.1;1111727.25
25.04.2016;5.4;1436783
26.04.2016;5.8;1473761.25
27.04.2016;5.4;1494339.5
28.04.2016;5.5;1465108
29.04.2016;7.8;1426454.25
30.04.2016;9.9;1189434.25
01.05.2016;13.1;1061586.75
02.05.2016;14;1374225.25
03.05.2016;10.7;1442984
04.05.2016;10.3;1418535.5
05.05.2016;13.8;1124218.75
06.05.2016;16.2;1255859.5
07.05.2016;18.5;1160427
08.05.2016;20.5;1073956.5
09.05.2016;20.3;1395779.25
10.05.2016;17;1424022.5
11.05.2016;18;1428687.25
12.05.2016;15.9;1449162.25
13.05.2016;14.7;1401479.25
14.05.2016;11.4;1187984.25
15.05.2016;9.9;1054865.5
16.05.2016;9.7;1074460.75
17.05.2016;11;1377848.5
18.05.2016;15.4;1421227.25
19.05.2016;14.1;1432925.5
20.05.2016;15.1;1419263.5
21.05.2016;17.1;1187445.5
22.05.2016;18.8;1090591
23.05.2016;13.7;1398614.25
24.05.2016;11.9;1438137.5
25.05.2016;12.7;1413216.5
26.05.2016;17;1219604
27.05.2016;19;1308596.75
28.05.2016;18;1180774
29.05.2016;18.2;1095992.25
30.05.2016;16.5;1400425.5
31.05.2016;17.3;1434484.5
01.06.2016;15.7;1420657.25
02.06.2016;17.4;1413640
03.06.2016;17.6;1385412.5
04.06.2016;18.3;1171161.5
05.06.2016;18.4;1068275.75
06.06.2016;21.1;1367203.25
07.06.2016;21.6;1398812.75
08.06.2016;18.5;1402531.5
09.06.2016;17.5;1393012.25
10.06.2016;17.7;1365924.75
11.06.2016;18.2;1157344.75
12.06.2016;17.3;1073732.5
13.06.2016;17.4;1370793.5
14.06.2016;16.3;1399323
15.06.2016;15.4;1392808.75
16.06.2016;14.9;1400860.75
17.06.2016;15.3;1394368.5
18.06.2016;15.3;1177430.75
19.06.2016;15.5;1070321
20.06.2016;17.1;1364073.5
21.06.2016;18.6;1381672
22.06.2016;22.6;1392829.5
23.06.2016;25.7;1414736.25
24.06.2016;26;1409257
25.06.2016;19.6;1199839.75
26.06.2016;17.9;1073412.25
27.06.2016;17.3;1386973.5
28.06.2016;18.4;1408773.5
29.06.2016;20.7;1430363.5
30.06.2016;19.8;1418121.25
01.07.2016;21;1392166.25
02.07.2016;17.8;1191320.75
03.07.2016;16.1;1066202
04.07.2016;19.2;1368641
05.07.2016;20.2;1436211
06.07.2016;18.7;1427476.5
07.07.2016;19.6;1399665.5
08.07.2016;22.4;1406298.5
09.07.2016;22.4;1189873.5
10.07.2016;24.3;1090268.5
11.07.2016;23.2;1403743.25
12.07.2016;20.3;1417873.25
13.07.2016;17.4;1395361
14.07.2016;16.6;1409371
15.07.2016;16.1;1382135.25
16.07.2016;18.4;1168759.5
17.07.2016;21.7;1073286.75
18.07.2016;23.4;1364769
19.07.2016;24;1399456
20.07.2016;26.7;1422831
21.07.2016;21.7;1418433.25
22.07.2016;22.9;1385972.75
23.07.2016;21.7;1175111.75
24.07.2016;21.9;1069917.25
25.07.2016;23.8;1371152
26.07.2016;23;1395741
27.07.2016;22.5;1391807.5
28.07.2016;21.5;1379001.25
29.07.2016;22.1;1351715
30.07.2016;22.2;1152753.25
31.07.2016;20.7;1053883.25
01.08.2016;18.5;1314456.25
02.08.2016;17.3;1361784.25
03.08.2016;21;1382698.5
04.08.2016;19.5;1381693.25
05.08.2016;18.8;1334061.25
06.08.2016;19.1;1133940.25
07.08.2016;20;1033703.25
08.08.2016;21.6;1337129.25
09.08.2016;18.5;1348911.75
10.08.2016;14.4;1346039
11.08.2016;14.2;1339807.25
12.08.2016;17;1344232.25
13.08.2016;21.2;1156851
14.08.2016;21.6;1044811
15.08.2016;22;1278615
16.08.2016;20.7;1343082.25
17.08.2016;21;1341612.5
18.08.2016;18.2;1357200.25
19.08.2016;20.3;1342075.5
20.08.2016;18.1;1168095.5
21.08.2016;17.6;1055035
22.08.2016;17.3;1362853.75
23.08.2016;21.1;1386303.25
24.08.2016;23.5;1393322.5
25.08.2016;24.4;1406600.75
26.08.2016;24.8;1391936
27.08.2016;25.4;1195097.25
28.08.2016;26.7;1091525.25
29.08.2016;22.3;1393193
30.08.2016;20.4;1381763.75
31.08.2016;21.1;1384240.25
01.09.2016;21.9;1391404.5
02.09.2016;20.1;1365181.5
03.09.2016;21.4;1153044
04.09.2016;18.6;1081507.75
05.09.2016;18.2;1364730
06.09.2016;18.4;1375685.75
07.09.2016;20.3;1385419.75
08.09.2016;21;1406419.5
09.09.2016;21.5;1375679.25
10.09.2016;22;1153325
11.09.2016;22.5;1059368.5
12.09.2016;22.7;1374399
13.09.2016;23.5;1412886.75
14.09.2016;24.5;1407145.75
15.09.2016;22.7;1411923.25
16.09.2016;17.5;1365390.5
17.09.2016;16.8;1161548
18.09.2016;16.6;1069199.25
19.09.2016;15.6;1350639.25
20.09.2016;15.8;1378416.25
21.09.2016;13.7;1373305.5
22.09.2016;13.6;1370747.25
23.09.2016;14.6;1360808.5
24.09.2016;14.8;1148056.25
25.09.2016;16.2;1058535.25
26.09.2016;17.2;1365980.25
27.09.2016;15.6;1406880.5
28.09.2016;16.3;1431522.75
29.09.2016;18.8;1438366.75
30.09.2016;16.5;1405323.25
01.10.2016;15.4;1175306
02.10.2016;13.9;1071244
03.10.2016;11.6;1091399.75
04.10.2016;10.5;1413398.5
05.10.2016;9.5;1457658.25
06.10.2016;9.3;1494171.25
07.10.2016;11.6;1462671.25
08.10.2016;9.1;1237930.5
09.10.2016;7.2;1141063
10.10.2016;8.2;1444387.25
11.10.2016;8.4;1488559
12.10.2016;8.9;1494246
13.10.2016;8.8;1505236.25
14.10.2016;10.3;1475549
15.10.2016;11.4;1243965.25
16.10.2016;8.5;1120324
17.10.2016;11.3;1443161.5
18.10.2016;12.7;1486735
19.10.2016;10.2;1497224
20.10.2016;7.6;1505546.75
21.10.2016;7.1;1480401
22.10.2016;7.8;1248418.25
23.10.2016;7.8;1142074.75
24.10.2016;11.1;1469809
25.10.2016;12.3;1491681
26.10.2016;10.6;1481022.25
27.10.2016;8;1493275.25
28.10.2016;8;1479059
29.10.2016;10.1;1241806
30.10.2016;8.7;1169491.5
31.10.2016;8.1;1315915.5
01.11.2016;4.8;1288546.75
02.11.2016;7.4;1508419
03.11.2016;4.6;1520645
04.11.2016;4.2;1512504.25
05.11.2016;7.5;1307853.5
06.11.2016;5;1206282.25
07.11.2016;3.6;1518218.75
08.11.2016;2.8;1566023.75
09.11.2016;4.4;1576230.75
10.11.2016;6.6;1573750.25
11.11.2016;4.9;1560388.75
12.11.2016;2;1354084.5
13.11.2016;2.5;1255347.25
14.11.2016;0.4;1576275
15.11.2016;2.9;1615614.25
16.11.2016;8.3;1580987
17.11.2016;10.6;1577907.25
18.11.2016;10;1549997.75
19.11.2016;6.2;1338721.75
20.11.2016;10.1;1235993.5
21.11.2016;9.7;1539927
22.11.2016;9.3;1548662
23.11.2016;7.5;1545209.75
24.11.2016;9.9;1565551.5
25.11.2016;9.8;1544863.75
26.11.2016;7.8;1339438.75
27.11.2016;5.6;1233376.5
28.11.2016;0.8;1565451
29.11.2016;0;1629888.75
30.11.2016;-1.9;1641499.75
01.12.2016;2.5;1628088.25
02.12.2016;3.7;1578841.75
03.12.2016;0.2;1354400.75
04.12.2016;-2.4;1282686.75
05.12.2016;-1.9;1598669.75
06.12.2016;-1.5;1648448.5
07.12.2016;-0.9;1673365.5
08.12.2016;-0.1;1627262.5
09.12.2016;4.6;1573114.75
10.12.2016;4.5;1332806
11.12.2016;6.8;1254417
12.12.2016;5.6;1562111.75
13.12.2016;1.6;1598476
14.12.2016;5.2;1583530.25
15.12.2016;3.5;1594408.25
16.12.2016;3.5;1562717.25
17.12.2016;2.6;1362884
18.12.2016;3.2;1262507
19.12.2016;3.7;1533962.75
20.12.2016;0.3;1562480.5
21.12.2016;0;1567720.5
22.12.2016;0.5;1517440.5
23.12.2016;4;1408382
24.12.2016;6.9;1205798
25.12.2016;8.3;1113553.25
26.12.2016;7.2;1122408.25
27.12.2016;2.4;1288163.5
28.12.2016;2.7;1283015.25
29.12.2016;0.9;1276759.5
30.12.2016;-3.2;1277306
31.12.2016;-3.4;1201752.25
01.01.2017;-2.5;1135124.5
02.01.2017;-0.1;1435520.5
03.01.2017;0.6;1536784.75
04.01.2017;2.3;1569338.5
05.01.2017;-0.7;1543378
06.01.2017;-6.3;1494316.75
07.01.2017;-5.9;1407603.25
08.01.2017;-1;1285285.75
09.01.2017;0.5;1590808
10.01.2017;0.6;1638876.25
11.01.2017;2.3;1648811
12.01.2017;4.5;1621140.5
13.01.2017;3.2;1613152
14.01.2017;2.5;1396103.25
15.01.2017;1.9;1291623.5
16.01.2017;-2.4;1599776
17.01.2017;-2;1648519.75
18.01.2017;-2.6;1657286
19.01.2017;-3.5;1662051.5
20.01.2017;-2.2;1625953.25
21.01.2017;-5;1401151.5
22.01.2017;-6.7;1305092
23.01.2017;-8;1637208.5
24.01.2017;-3.6;1668254.75
25.01.2017;-3.2;1667021.25
26.01.2017;-1.2;1654513.25
27.01.2017;-3.6;1634617.25
28.01.2017;-3.3;1406187.5
29.01.2017;0.6;1303333.25
30.01.2017;3.9;1606158
31.01.2017;4;1616210
01.02.2017;2.9;1622537
02.02.2017;5.2;1615873.5
03.02.2017;7.1;1574060
04.02.2017;5.2;1354101.5
05.02.2017;4.9;1242321.5
06.02.2017;5.2;1567637
07.02.2017;3.7;1626650.5
08.02.2017;4.5;1628985
09.02.2017;1;1638221
10.02.2017;1.5;1629580.5
11.02.2017;3.3;1389586.75
12.02.2017;3.4;1281746.5
13.02.2017;3.8;1607320.75
14.02.2017;3.4;1610666.25
15.02.2017;1.5;1587081.5
16.02.2017;5.7;1583331.75
17.02.2017;7.5;1564808
18.02.2017;5.1;1331260
19.02.2017;3;1246304.25
20.02.2017;7.4;1569014.5
21.02.2017;10.5;1574285.75
22.02.2017;10.5;1592311.25
23.02.2017;10.5;1575758.25
24.02.2017;5.8;1534550.75
25.02.2017;3.6;1328360
26.02.2017;7.5;1207422.5
27.02.2017;11.2;1471699.5
28.02.2017;6.2;1544725.25
01.03.2017;6.7;1559537.5
02.03.2017;8.5;1558101
03.03.2017;6.2;1514346
04.03.2017;8.2;1274440
05.03.2017;7.9;1200738
06.03.2017;7.4;1519880.5
07.03.2017;6.9;1555776
08.03.2017;5.8;1577271.75
09.03.2017;11.5;1558508
10.03.2017;7.7;1503730
11.03.2017;6.8;1283655.25
12.03.2017;8.7;1176189.75
13.03.2017;7;1474667.25
14.03.2017;7.3;1507547.25
15.03.2017;8.2;1495193.5
16.03.2017;8.3;1482292
17.03.2017;10.7;1476445
18.03.2017;9.9;1305311.5
19.03.2017;12.4;1217752.25
20.03.2017;12.6;1485622.5
21.03.2017;9.7;1515210.25
22.03.2017;7.3;1528492.5
23.03.2017;10.7;1508632
24.03.2017;9.2;1484296.75
25.03.2017;10.6;1241001.5
26.03.2017;10.9;1076669
27.03.2017;10.4;1436600
28.03.2017;12.7;1459362.25
29.03.2017;14.3;1468616.5
30.03.2017;14.1;1450695.75
31.03.2017;14.2;1422424.5
01.04.2017;14.1;1195054.25
02.04.2017;12.8;1086902.25
03.04.2017;13.4;1393491.5
04.04.2017;11.8;1414351
05.04.2017;11.4;1451565
06.04.2017;8.9;1465416.25
07.04.2017;8.6;1448936.25
08.04.2017;10.9;1207965.75
09.04.2017;12.1;1102061.5
10.04.2017;13.8;1423260.75
11.04.2017;9.3;1449065.75
12.04.2017;12.5;1461880.75
13.04.2017;13.4;1428851.25
14.04.2017;11.6;1141104.75
15.04.2017;10.8;1165573.75
16.04.2017;9.8;1059660.75
17.04.2017;7.5;1078207.75
18.04.2017;5.5;1425765.5
19.04.2017;4;1479442.25
20.04.2017;4.7;1479428
21.04.2017;9.1;1473374.5
22.04.2017;10.9;1268443.75
23.04.2017;6.8;1161452
24.04.2017;8.7;1457233.75
25.04.2017;8.1;1480664
26.04.2017;8.4;1489266.5
27.04.2017;8.3;1485683.5
28.04.2017;9.3;1458961.75
29.04.2017;10;1200254
30.04.2017;13;1100540.75
01.05.2017;9.7;1112032
02.05.2017;9.9;1449892
03.05.2017;10.7;1481550
04.05.2017;10.6;1498432
05.05.2017;11.9;1447570.25
06.05.2017;15.1;1218287.75
07.05.2017;13.4;1120749.5
08.05.2017;10.3;1430854
09.05.2017;9.5;1425571.5
10.05.2017;11.1;1418788.25
11.05.2017;15.3;1411919
12.05.2017;16.5;1403146.25
13.05.2017;16.6;1187048.5
14.05.2017;15.8;1070915.25
15.05.2017;16.5;1378793.5
16.05.2017;17.7;1430398.5
17.05.2017;21.7;1433972.5
18.05.2017;20;1434560
19.05.2017;13.8;1410535.25
20.05.2017;12.3;1184725
21.05.2017;14.9;1070034
22.05.2017;17.1;1368153
23.05.2017;20.2;1415839.75
24.05.2017;18.3;1403588.25
25.05.2017;18.5;1103202.25
26.05.2017;20.5;1228912.75
27.05.2017;22.9;1156525.5
28.05.2017;24.4;1079716.75
29.05.2017;25.3;1393973.75
30.05.2017;22;1434801
31.05.2017;20.4;1429540.75
01.06.2017;21.1;1398639
02.06.2017;22.3;1383745.25
03.06.2017;20.5;1172460.75
04.06.2017;17.7;1029996.25
05.06.2017;16.3;1033638.75
06.06.2017;15.3;1372512.25
07.06.2017;14.1;1429468.25
08.06.2017;16.9;1402126
09.06.2017;16.3;1397782.25
10.06.2017;17.7;1178109.25
11.06.2017;22;1079738
12.06.2017;22.3;1411538.5
13.06.2017;18.6;1423391.25
14.06.2017;20.9;1375024
15.06.2017;22.9;1219331.75
16.06.2017;21.1;1320771.25
17.06.2017;18.3;1165404
18.06.2017;21.6;1069156.75
19.06.2017;23;1386466.75
20.06.2017;25.1;1436838.25
21.06.2017;26.4;1424777.75
22.06.2017;27.3;1450917.25
23.06.2017;25;1436031.75
24.06.2017;22.2;1217204.75
25.06.2017;22.1;1102096.75
26.06.2017;24.4;1391508.25
27.06.2017;23.3;1409199.75
28.06.2017;21.3;1420885
29.06.2017;19;1412884.5
30.06.2017;18.3;1408837
01.07.2017;16.5;1192496.5
02.07.2017;18.4;1084960.5
03.07.2017;19.7;1363750.75
04.07.2017;20.9;1402995.25
05.07.2017;23;1412467
06.07.2017;23.9;1420254
07.07.2017;24.9;1412710.75
08.07.2017;26.3;1205388
09.07.2017;25.2;1086325.25
10.07.2017;22.5;1399031
11.07.2017;19.5;1417698.5
12.07.2017;18.8;1431333.25
13.07.2017;17.2;1397837.75
14.07.2017;18.7;1377236
15.07.2017;17.2;1160168.75
16.07.2017;19.8;1066155.75
17.07.2017;22.2;1363486.75
18.07.2017;24.8;1400384
19.07.2017;26.7;1423882.75
20.07.2017;22;1406255.75
21.07.2017;23.1;1372266.5
22.07.2017;23;1180584
23.07.2017;20.8;1056104.75
24.07.2017;16.5;1347048.5
25.07.2017;15.4;1399315.25
26.07.2017;17.6;1391781.75
27.07.2017;18.9;1389447.25
28.07.2017;19.3;1346045
29.07.2017;21.5;1157980.25
30.07.2017;23;1072144.5
31.07.2017;22.4;1341043.5
01.08.2017;23.1;1378627.5
02.08.2017;23.1;1381101
03.08.2017;23.1;1402934.25
04.08.2017;22;1374619.5
05.08.2017;20.7;1148672
06.08.2017;17.6;1026511.75
07.08.2017;19.3;1307289.5
08.08.2017;19.8;1366418.5
09.08.2017;19.3;1374594.75
10.08.2017;15.6;1366143.25
11.08.2017;15.1;1343946.25
12.08.2017;16.1;1142165.5
13.08.2017;18.2;1027911
14.08.2017;20.3;1294488
15.08.2017;21.1;1330151.5
16.08.2017;20.7;1365960.25
17.08.2017;21.6;1384666
18.08.2017;20.6;1373144
19.08.2017;18.6;1150942
20.08.2017;16.6;1046545.5
21.08.2017;16.3;1340724.5
22.08.2017;18;1352827.5
23.08.2017;20.3;1353593
24.08.2017;20.8;1378370.25
25.08.2017;21.4;1360552.75
26.08.2017;22.6;1155229.75
27.08.2017;21.8;1058742.75
28.08.2017;21.7;1347122.5
29.08.2017;22.1;1392030.75
30.08.2017;23.6;1409701.25
31.08.2017;18.6;1395636
01.09.2017;15.4;1343473.5
02.09.2017;14.1;1131756
03.09.2017;12.9;1037921.5
04.09.2017;14.7;1341252.5
05.09.2017;19.6;1387971.25
06.09.2017;19.3;1420780
07.09.2017;16.9;1391289.25
08.09.2017;16.6;1413221.25
09.09.2017;15.9;1194369.5
10.09.2017;14.7;1074977.75
11.09.2017;14;1402402
12.09.2017;15.2;1436837.25
13.09.2017;15;1467493
14.09.2017;12.7;1458805.5
15.09.2017;12.1;1410921.25
16.09.2017;11.1;1190092.5
17.09.2017;11.4;1081908.75
18.09.2017;11.6;1390642.75
19.09.2017;12.2;1421501.5
20.09.2017;11.9;1426918.25
21.09.2017;11.8;1413931.25
22.09.2017;13.2;1395126
23.09.2017;14.8;1192761.75
24.09.2017;13.4;1098714
25.09.2017;13.9;1412033
26.09.2017;14.3;1438397
27.09.2017;13.9;1445357.25
28.09.2017;16.3;1443722.75
29.09.2017;18;1426917
30.09.2017;15.9;1217713
01.10.2017;12.2;1095927.5
02.10.2017;14.7;1329822.25
03.10.2017;13.3;1180575.5
04.10.2017;12.3;1441498
05.10.2017;12.9;1484600.5
06.10.2017;10.1;1476292.5
07.10.2017;10.6;1262325.75
08.10.2017;12.4;1147776.75
09.10.2017;12.2;1441126.75
10.10.2017;12.4;1495031.25
11.10.2017;13.4;1501932
12.10.2017;14.3;1489319
13.10.2017;14.3;1459194
14.10.2017;13.5;1237910.25
15.10.2017;12.8;1109786.5
16.10.2017;14.5;1424764.25
17.10.2017;13.5;1471694.75
18.10.2017;12.4;1466244.25
19.10.2017;13.2;1466113.5
20.10.2017;13.3;1469513.75
21.10.2017;12.9;1249010
22.10.2017;10.4;1161997.25
23.10.2017;10.4;1468181.25
24.10.2017;12.8;1498875.75
25.10.2017;14;1501802.75
26.10.2017;11;1477635.5
27.10.2017;11.3;1473236.75
28.10.2017;8.8;1289053.25
29.10.2017;10.6;1239575.75
30.10.2017;5.7;1346184
31.10.2017;5.2;1216251
01.11.2017;8.3;1350412.25
02.11.2017;10.3;1463900
03.11.2017;7.9;1455230.75
04.11.2017;9.5;1287293.5
05.11.2017;9.3;1180328
06.11.2017;5.3;1480689.75
07.11.2017;6.2;1527974
08.11.2017;7.3;1524247.5
09.11.2017;7.7;1528846
10.11.2017;6.3;1549006
11.11.2017;6.4;1349280
12.11.2017;4.6;1233206
13.11.2017;4.9;1516068
14.11.2017;3.2;1553916.25
15.11.2017;1.5;1519451
16.11.2017;2.5;1557254.5
17.11.2017;4.2;1538167.25
18.11.2017;5.9;1370874.5
19.11.2017;5.8;1255469
20.11.2017;4.2;1560655.25
21.11.2017;7.4;1570964
22.11.2017;7.5;1553116.5
23.11.2017;10.8;1589295.75
24.11.2017;11.9;1532763.25
25.11.2017;6.9;1337525.75
26.11.2017;3.7;1284080.25
27.11.2017;4.7;1618756
28.11.2017;5.5;1623705
29.11.2017;3.3;1588537.75
30.11.2017;2;1596277.75
01.12.2017;1;1568503
02.12.2017;-1.7;1386410
03.12.2017;-0.6;1324614.75
04.12.2017;1;1632461.75
05.12.2017;4.4;1656856.75
06.12.2017;4.4;1635217.75
07.12.2017;3.7;1640661
08.12.2017;4.4;1623107.75
09.12.2017;1.1;1422785.25
10.12.2017;1.4;1328224.75
11.12.2017;7.5;1620318.75
12.12.2017;3.8;1657818.25
13.12.2017;3;1660724
14.12.2017;5.9;1651607.5
15.12.2017;4;1573156.5
16.12.2017;3.5;1384674.75
17.12.2017;3.4;1298845.25
18.12.2017;1.4;1580095.75
19.12.2017;2.5;1584114.25
20.12.2017;3.9;1549672.5
21.12.2017;5.4;1522612.5
22.12.2017;7.3;1427108
23.12.2017;7.9;1270888.5
24.12.2017;7.6;1143063.25
25.12.2017;4.2;1114829.75
26.12.2017;4.7;1142822
27.12.2017;5.2;1266886.75
28.12.2017;3.2;1315123.75
29.12.2017;1.8;1308705.75
30.12.2017;7.8;1224279.25
31.12.2017;12.2;1126564.25
01.01.2018;8.8;1147136.25
02.01.2018;7.1;1418023
03.01.2018;8.3;1569615
04.01.2018;8.5;1540122
05.01.2018;9.4;1509067
06.01.2018;8.1;1291780.5
07.01.2018;7.2;1249975.75
08.01.2018;7.3;1584936.25
09.01.2018;5.4;1625929.5
10.01.2018;7.7;1561369.5
11.01.2018;7;1560737.5
12.01.2018;5.7;1555192.5
13.01.2018;5.6;1379524.5
14.01.2018;2.6;1290511.5
15.01.2018;2.9;1646259.25
16.01.2018;6.7;1656445.5
17.01.2018;4.2;1662154
18.01.2018;6.5;1667591.25
19.01.2018;4.2;1570304.5
20.01.2018;2.9;1368015.25
21.01.2018;2.8;1264311.5
22.01.2018;4.9;1578071
23.01.2018;7.5;1599982.5
24.01.2018;9.4;1640025.5
25.01.2018;10.8;1579279.25
26.01.2018;7.5;1522171.5
27.01.2018;4.5;1336982.5
28.01.2018;7.3;1292205.5
29.01.2018;9.1;1613009.75
30.01.2018;6.6;1597201
31.01.2018;8;1636434.75
01.02.2018;4.1;1621602
02.02.2018;2.7;1580525
03.02.2018;2.3;1344159
04.02.2018;1.1;1281840.75
05.02.2018;1.2;1574648.75
06.02.2018;1.1;1604196.75
07.02.2018;-0.7;1612236.25
08.02.2018;-0.7;1607865.75
09.02.2018;1;1608111.5
10.02.2018;2.3;1387875.25
11.02.2018;2.6;1323596.75
12.02.2018;2;1567984.5
13.02.2018;0.7;1568696.5
14.02.2018;0.2;1596079
15.02.2018;2.2;1647462.75
16.02.2018;4.7;1580226.75
17.02.2018;2.1;1371892
18.02.2018;0.4;1264739.75
19.02.2018;0.6;1553542.25
20.02.2018;1;1591774.5
21.02.2018;1.7;1597851.5
22.02.2018;0.9;1610095.75
23.02.2018;0.1;1609573.25
24.02.2018;0;1435885.5
25.02.2018;-2.8;1334158.5
26.02.2018;-5.2;1658546
27.02.2018;-6.8;1694430
28.02.2018;-5.9;1729547.25
01.03.2018;-2.2;1719266.25
02.03.2018;-1.9;1698144.75
03.03.2018;1.4;1466619.25
04.03.2018;6.1;1330239.5
05.03.2018;7.6;1548953.5
06.03.2018;4.3;1560604.75
07.03.2018;6.2;1564247
08.03.2018;7;1585318.5
09.03.2018;7;1568205.75
10.03.2018;10;1324352.25
11.03.2018;10;1198449.5
12.03.2018;10.4;1489348.75
13.03.2018;8.4;1564429.75
14.03.2018;7.4;1526836.75
15.03.2018;8;1595286
16.03.2018;8.1;1581938.75
17.03.2018;1.3;1450521.75
18.03.2018;-1.4;1366557
19.03.2018;-0.1;1573600.25
20.03.2018;-0.5;1607381
21.03.2018;1.1;1581551.75
22.03.2018;1;1611590.5
23.03.2018;4.4;1539705.25
24.03.2018;5.3;1302289.25
25.03.2018;5.6;1140354
26.03.2018;7.1;1479220.75
27.03.2018;6.9;1504873.25
28.03.2018;9.4;1569465
29.03.2018;7.1;1525851.25
30.03.2018;7.8;1214219
31.03.2018;9;1224080
01.04.2018;8;1139701
02.04.2018;9.3;1132854.5
03.04.2018;15.1;1435934
04.04.2018;13;1470133.25
05.04.2018;10;1519821
06.04.2018;9.1;1461539
07.04.2018;13;1262965.5
08.04.2018;15.5;1125020.75
09.04.2018;14.8;1390112.25
10.04.2018;13.4;1471322.5
11.04.2018;13.3;1489797
12.04.2018;15;1479708
13.04.2018;10;1455806.5
14.04.2018;13.1;1228298.75
15.04.2018;15.1;1092876
16.04.2018;15.4;1378759.25
17.04.2018;15.1;1405467.5
18.04.2018;16.8;1401332.25
19.04.2018;18.2;1409321.25
20.04.2018;17.6;1399266
21.04.2018;18.2;1203866.5
22.04.2018;19.8;1085216.5
23.04.2018;17.1;1398507
24.04.2018;15.2;1437132.75
25.04.2018;14.6;1472154.75
26.04.2018;11.1;1468837
27.04.2018;13;1408501.75
28.04.2018;13.6;1204455
29.04.2018;17.9;1084899
30.04.2018;14.5;1308527.5
01.05.2018;9.4;1145401.5
02.05.2018;10.3;1384488.75
03.05.2018;14;1425210.25
04.05.2018;15.7;1402768.75
05.05.2018;18.1;1205892.5
06.05.2018;18.8;1086685.25
07.05.2018;19.8;1397346
08.05.2018;20.4;1435363.75
09.05.2018;19.5;1420880
10.05.2018;15;1146080.25
11.05.2018;15.2;1253036.5
12.05.2018;18.9;1160409
13.05.2018;17.3;1094570.25
14.05.2018;15.8;1419001.75
15.05.2018;16.9;1425043
16.05.2018;15.1;1426115.75
17.05.2018;14.1;1451346.25
18.05.2018;12.5;1405818.5
19.05.2018;14.2;1182992.5
20.05.2018;14.6;1031701.75
21.05.2018;19.5;1074362.75
22.05.2018;18.1;1381063.75
23.05.2018;17.2;1437866.75
24.05.2018;17.6;1455184.25
25.05.2018;19.1;1419862.75
26.05.2018;21.3;1205044.5
27.05.2018;21.8;1100481.75
28.05.2018;23.8;1420998.75
29.05.2018;21;1464564.5
30.05.2018;22.7;1433399.75
31.05.2018;23.4;1251888.5
01.06.2018;19.8;1318399.25
02.06.2018;20.2;1169852
03.06.2018;21.6;1074054.5
04.06.2018;22.8;1389459.5
05.06.2018;23.2;1434556.25
06.06.2018;22.9;1453896.75
07.06.2018;22.1;1453601.25
08.06.2018;22.9;1428687.25
09.06.2018;22.4;1223534.75
10.06.2018;22.9;1104430
11.06.2018;20.7;1436745.5
12.06.2018;17;1450667
13.06.2018;15.8;1438883.75
14.06.2018;17.3;1438511.25
15.06.2018;18.9;1411192.25
16.06.2018;21.2;1192190.75
17.06.2018;19.9;1089970.75
18.06.2018;19.5;1413108
19.06.2018;20.7;1466885.25
20.06.2018;23.3;1467840.5
21.06.2018;20.2;1482940.5
22.06.2018;14;1434533.5
23.06.2018;14.2;1199012
24.06.2018;16.8;1071918.25
25.06.2018;18.4;1394140
26.06.2018;20;1416181.25
27.06.2018;20.3;1418567.25
28.06.2018;21.5;1440380
29.06.2018;23.8;1419141.75
30.06.2018;24;1191701
01.07.2018;22.3;1081028
02.07.2018;22.3;1391561.75
03.07.2018;23.1;1442748
04.07.2018;21.4;1449918
05.07.2018;20;1456236
06.07.2018;22.6;1441871
07.07.2018;22.3;1206949.5
08.07.2018;22.1;1080675.75
09.07.2018;22.3;1382068.5
10.07.2018;19.1;1387295
11.07.2018;17.6;1382192
12.07.2018;20.5;1392975
13.07.2018;22.3;1371282.5
14.07.2018;23.8;1165606.5
15.07.2018;22.2;1059533.75
16.07.2018;22.5;1341619.25
17.07.2018;22.5;1388514.5
18.07.2018;22.6;1403032.5
19.07.2018;23.4;1390890
20.07.2018;24.6;1358023.25
21.07.2018;20.3;1157853.75
22.07.2018;20.2;1068034.25
23.07.2018;22.9;1366034.75
24.07.2018;25.1;1408588.75
25.07.2018;27.1;1430633.75
26.07.2018;28;1431494.25
27.07.2018;27.4;1418512.25
28.07.2018;25.1;1214138.25
29.07.2018;25;1081520.75
30.07.2018;26.8;1375865.75
31.07.2018;28.3;1417207.25
01.08.2018;25.2;1415061
02.08.2018;25.9;1418800.75
03.08.2018;28.9;1399961.5
04.08.2018;29.4;1209111.5
05.08.2018;26.9;1105957.5
06.08.2018;27.3;1369954.25
07.08.2018;28;1414342
08.08.2018;26.8;1444828.25
09.08.2018;24.8;1425449
10.08.2018;20.6;1391009.75
11.08.2018;20.4;1185330.25
12.08.2018;20.7;1062668
13.08.2018;19.1;1353959.5
14.08.2018;20.8;1380874
15.08.2018;20.2;1339788.5
16.08.2018;22.4;1369857.25
17.08.2018;23.2;1360004
18.08.2018;21.9;1179485
19.08.2018;22.9;1088634.75
20.08.2018;22.8;1375968.5
21.08.2018;25;1385420.75
22.08.2018;25.3;1411518
23.08.2018;24.1;1425009.25
24.08.2018;18.6;1403209.25
25.08.2018;14.8;1183875.5
26.08.2018;14.9;1074934
27.08.2018;17.4;1416226.75
28.08.2018;18.8;1398797
29.08.2018;20.9;1416927.25
30.08.2018;19.2;1428877.5
31.08.2018;16.8;1375348.75
01.09.2018;16.6;1163909.5
02.09.2018;16.6;1084433.25
03.09.2018;18.7;1395458.75
04.09.2018;20;1412936.5
05.09.2018;21.8;1401736.5
06.09.2018;19.5;1416087.5
07.09.2018;18.4;1401293
08.09.2018;16.4;1201574
09.09.2018;17;1075153.75
10.09.2018;19.6;1386180.5
11.09.2018;19.7;1463556.25
12.09.2018;22.8;1443137
13.09.2018;18.1;1411773
14.09.2018;18.5;1395662.25
15.09.2018;16.2;1196929.5
16.09.2018;16.4;1078562
17.09.2018;18.5;1380067
18.09.2018;21.5;1458378.25
19.09.2018;23;1467361.5
20.09.2018;21.5;1462297.25
21.09.2018;18.7;1491415.25
22.09.2018;14.1;1252920.75
23.09.2018;15.3;1137557.75
24.09.2018;11.4;1452394.75
25.09.2018;10.2;1436075.75
26.09.2018;10.7;1487079.75
27.09.2018;13.4;1466397
28.09.2018;14.1;1460137.25
29.09.2018;11.4;1217443.25
30.09.2018;11.3;1115957
01.10.2018;11.3;1413945.5
02.10.2018;8.5;1483511.75
03.10.2018;12.8;1233294.5
04.10.2018;10.4;1407901.5
05.10.2018;12.3;1410514.75
06.10.2018;15.2;1205629.25
07.10.2018;13.8;1108174.75
08.10.2018;13.7;1408164
09.10.2018;14.2;1433255
10.10.2018;15.9;1440100.25
11.10.2018;14.8;1475531.25
12.10.2018;18.6;1444114
13.10.2018;17.2;1221588
14.10.2018;16.5;1139087.25
15.10.2018;15.7;1416681.75
16.10.2018;14.4;1433658.75
17.10.2018;14.4;1435511.25
18.10.2018;15;1457236.25
19.10.2018;13.7;1426139
20.10.2018;12.7;1249909.5
21.10.2018;9.7;1159394.75
22.10.2018;9.5;1489188.25
23.10.2018;9.4;1577026.5
24.10.2018;13.4;1561378.5
25.10.2018;13.4;1543489
26.10.2018;10.9;1495078.75
27.10.2018;8.1;1300763.75
28.10.2018;6.1;1262331
29.10.2018;6.2;1539530.75
30.10.2018;6.6;1549748.5
31.10.2018;6.4;1459683
01.11.2018;6.7;1323925
02.11.2018;10;1401331.75
03.11.2018;9.7;1248011
04.11.2018;11.1;1160766
05.11.2018;10.2;1457748.75
06.11.2018;7.4;1498110.75
07.11.2018;10.4;1513343.75
08.11.2018;12.1;1495108.25
09.11.2018;10.3;1478050.25
10.11.2018;11.6;1307786.5
11.11.2018;13.1;1193266.75
12.11.2018;14.5;1467086.5
13.11.2018;11.2;1519771.75
14.11.2018;5.5;1526943.5
15.11.2018;6.4;1526596.25
16.11.2018;6.8;1531437.75
17.11.2018;5.9;1367613.25
18.11.2018;4.3;1221708
19.11.2018;2.7;1562177.25
20.11.2018;3.5;1602985.5
21.11.2018;2.1;1580617
22.11.2018;2.3;1565325
23.11.2018;0.8;1533748.25
24.11.2018;5.6;1328340.75
25.11.2018;6.9;1235955
26.11.2018;5.9;1531656.75
27.11.2018;3.7;1568345.5
28.11.2018;3.6;1634473.25
29.11.2018;5;1607136.5
30.11.2018;6.5;1572675.5
01.12.2018;7.7;1350096.25
02.12.2018;10.3;1260112
03.12.2018;11.7;1541288
04.12.2018;7.6;1578583.75
05.12.2018;3.9;1601111.75
06.12.2018;9.5;1609762.5
07.12.2018;11.5;1584534
08.12.2018;7.8;1387887
09.12.2018;8.9;1277133.5
10.12.2018;6;1594612.75
11.12.2018;3.9;1609102
12.12.2018;2.6;1593505.25
13.12.2018;1;1610019.75
14.12.2018;1.1;1592772
15.12.2018;0.5;1404042.5
16.12.2018;0.2;1316068.75
17.12.2018;3.7;1548509
18.12.2018;5;1585184
19.12.2018;4.7;1591685
20.12.2018;6.7;1522804.25
21.12.2018;9.5;1450843.25
22.12.2018;11.1;1258125.5
23.12.2018;9.5;1158698.75
24.12.2018;5.9;1153483.5
25.12.2018;-0.5;1125262
26.12.2018;-1.5;1136838.5
27.12.2018;-0.8;1282547.75
28.12.2018;-0.1;1278521.5
29.12.2018;1.5;1247909
30.12.2018;6;1148488.25
31.12.2018;5.9;1163679.5
01.01.2019;6.7;1097118.75
02.01.2019;3.6;1388494.25
03.01.2019;-1.1;1466308.25
04.01.2019;1.2;1486876.25
05.01.2019;4.7;1315755
06.01.2019;5.5;1207037.75
07.01.2019;4.7;1525289
08.01.2019;5.3;1605658.75
09.01.2019;3.3;1625614
10.01.2019;1.5;1583216
11.01.2019;-0.1;1609084
12.01.2019;2.9;1371654.25
13.01.2019;7;1280320.5
14.01.2019;5.3;1566660.25
15.01.2019;4.4;1607072.25
16.01.2019;5;1607242
17.01.2019;5.8;1624894
18.01.2019;1.9;1561664
19.01.2019;0;1362419
20.01.2019;-4;1279862.75
21.01.2019;-4.5;1600868.75
22.01.2019;-3.3;1655450.75
23.01.2019;-1.5;1649947.5
24.01.2019;-2.4;1634421.25
25.01.2019;-1.2;1624279
26.01.2019;2.6;1414847.5
27.01.2019;5.8;1274026
28.01.2019;3.1;1586613.75
29.01.2019;1.9;1603332.5
30.01.2019;1.8;1622324
31.01.2019;0.7;1599507.25
01.02.2019;3;1599759.5
02.02.2019;3.9;1368301.75
03.02.2019;3.1;1285850.25
04.02.2019;1.9;1583685.5
05.02.2019;2.7;1619422.75
06.02.2019;0.4;1614883.25
07.02.2019;2.2;1624802
08.02.2019;6.4;1586558.25
09.02.2019;7.6;1368687.75
10.02.2019;8.2;1249292
11.02.2019;5.7;1568650.75
12.02.2019;4.3;1586964.75
13.02.2019;2.9;1595027
14.02.2019;1.4;1562814.25
15.02.2019;3.6;1529516.5
16.02.2019;4.3;1313894.25
17.02.2019;4.8;1201513
18.02.2019;5.2;1484341
19.02.2019;6.2;1563087.25
20.02.2019;5.5;1546310
21.02.2019;7.3;1543856
22.02.2019;9.7;1511173.5
23.02.2019;6.2;1304202.75
24.02.2019;5;1185734
25.02.2019;6.9;1470949
26.02.2019;7.5;1485626.75
27.02.2019;7.2;1501718.75
28.02.2019;10.9;1496391.75
01.03.2019;9.4;1491759
02.03.2019;8.7;1291146.75
03.03.2019;10.8;1195167.5
04.03.2019;9.9;1471720
05.03.2019;6.8;1516623.25
06.03.2019;10.6;1513019.25
07.03.2019;11;1524371.75
08.03.2019;8.8;1493362.75
09.03.2019;10;1303199
10.03.2019;10.9;1195311.25
11.03.2019;6.2;1504176
12.03.2019;6.9;1533334.5
13.03.2019;7.2;1559021.5
14.03.2019;6.6;1561349.5
15.03.2019;9.8;1529541.25
16.03.2019;11.3;1296552.5
17.03.2019;8;1203522.75
18.03.2019;5.3;1484091.75
19.03.2019;4.5;1510678
20.03.2019;5.6;1517181.5
21.03.2019;8.5;1503161
22.03.2019;10;1450554
23.03.2019;10.1;1238722
24.03.2019;9;1150793.5
25.03.2019;5.9;1470318
26.03.2019;5.7;1500354.75
27.03.2019;7;1491444.5
28.03.2019;7.8;1465253.5
29.03.2019;10.8;1416603
30.03.2019;10.9;1193620.75
31.03.2019;12.1;1086717.5
01.04.2019;12;1401401
02.04.2019;13.9;1475367.75
03.04.2019;8.7;1470548.5
04.04.2019;5.6;1479480.75
05.04.2019;6.8;1455781.5
06.04.2019;9.4;1207006.75
07.04.2019;11.9;1099407.25
08.04.2019;10.8;1397479
09.04.2019;11.1;1448933.25
10.04.2019;10.2;1448489.25
11.04.2019;7.5;1436482.75
12.04.2019;5.3;1440509
13.04.2019;4.1;1254600
14.04.2019;5.7;1160434
15.04.2019;10;1406356
16.04.2019;12.2;1450432
17.04.2019;14.1;1429293.25
18.04.2019;16.6;1374105
19.04.2019;18;1078212.5
20.04.2019;17;1065485.75
21.04.2019;17.5;964764.5
22.04.2019;18;1016543
23.04.2019;16.4;1337117.75
24.04.2019;15.2;1386082.75
25.04.2019;14.8;1386302.25
26.04.2019;10;1376960.75
27.04.2019;9.5;1180764.75
28.04.2019;8.3;1091846
29.04.2019;8.4;1391408.75
30.04.2019;12.4;1374385.25
01.05.2019;12.7;1084958.25
02.05.2019;12.7;1365348.5
03.05.2019;11.4;1390529
04.05.2019;6.3;1214595.5
05.05.2019;6.3;1117094
06.05.2019;7.9;1421621
07.05.2019;8.9;1438540.25
08.05.2019;10.4;1450336.25
09.05.2019;11.2;1428003.5
10.05.2019;12.9;1407907.25
11.05.2019;11.7;1197600.75
12.05.2019;8.7;1089621
13.05.2019;11;1374208.75
14.05.2019;10.5;1404669.5
15.05.2019;10.4;1433074
16.05.2019;12;1455617.75
17.05.2019;14.6;1402751
18.05.2019;14.5;1158686
19.05.2019;16.5;1073012.5
20.05.2019;14.3;1393622.25
21.05.2019;13.1;1453517
22.05.2019;13.4;1425322.75
23.05.2019;14.2;1411291.25
24.05.2019;16.9;1381122.75
25.05.2019;17;1154143.75
26.05.2019;16.4;1078340.25
27.05.2019;15.4;1371656.25
28.05.2019;15.2;1389538.25
29.05.2019;13.6;1355992
30.05.2019;15.2;1102833.75
31.05.2019;18.5;1202615.5
01.06.2019;20.6;1122167.75
02.06.2019;22.6;1056856.25
03.06.2019;21;1369025
04.06.2019;24;1415427.25
05.06.2019;24.9;1418622.5
06.06.2019;14.1;1399475.25
07.06.2019;16.8;1345405.5
08.06.2019;16.4;1139770.25
09.06.2019;17.8;986632
10.06.2019;17.5;1027291.5
11.06.2019;17.5;1339937.5
12.06.2019;16.4;1403400.75
13.06.2019;18.3;1380433
14.06.2019;18.7;1368032.75
15.06.2019;20;1164739.25
16.06.2019;18.2;1062238.25
17.06.2019;20.1;1352510.5
18.06.2019;23;1409368.75
19.06.2019;24.7;1405021.5
20.06.2019;20.1;1190298.5
21.06.2019;19.7;1252467.5
22.06.2019;19.6;1123547
23.06.2019;22.1;1048307.25
24.06.2019;25.4;1384408.75
25.06.2019;26.3;1442501.75
26.06.2019;28.8;1456387.25
27.06.2019;26.2;1431083.25
28.06.2019;22.6;1365494
29.06.2019;24.5;1165070
30.06.2019;28;1090954.25
01.07.2019;25.9;1441602
02.07.2019;21.3;1436520.75
03.07.2019;20.2;1420273.5
04.07.2019;20.1;1427448.75
05.07.2019;21.8;1405138.25
06.07.2019;24.2;1190703.25
07.07.2019;18.6;1100169.25
08.07.2019;17;1361045.5
09.07.2019;14.8;1388112.5
10.07.2019;17.3;1382159
11.07.2019;17;1381976.75
12.07.2019;17.3;1365364.5
13.07.2019;17.1;1160987.25
14.07.2019;16.7;1052899.75
15.07.2019;17.6;1339277.5
16.07.2019;17.5;1381894.5
17.07.2019;19.9;1358724.25
18.07.2019;20.9;1362596.75
19.07.2019;21;1349593.25
20.07.2019;24;1164608.75
21.07.2019;23.7;1072463.75
22.07.2019;23.2;1343400
23.07.2019;26.3;1389924.25
24.07.2019;28;1413216.75
25.07.2019;29.3;1425645.25
26.07.2019;29;1414119.25
27.07.2019;23.3;1201889
28.07.2019;20.2;1089902
29.07.2019;21.6;1342455.5
30.07.2019;23.4;1384790.25
31.07.2019;21.3;1377597
01.08.2019;20;1345456.5
02.08.2019;19.9;1318386.5
03.08.2019;20;1117086.75
04.08.2019;21;1024125
05.08.2019;22.4;1282587.75
06.08.2019;22;1337817.75
07.08.2019;19.2;1345172.25
08.08.2019;21.1;1360680
09.08.2019;22;1343994.25
10.08.2019;21.6;1189852.5
11.08.2019;19;1080844.75
12.08.2019;17.2;1318095.25
13.08.2019;16.9;1346463
14.08.2019;17.5;1327751.25
15.08.2019;19;1330139
16.08.2019;19.5;1295121.25
17.08.2019;19;1147099.5
18.08.2019;22.8;1054115.5
19.08.2019;21.4;1334708.25
20.08.2019;17;1340286.25
21.08.2019;17.8;1327486.25
22.08.2019;18.8;1331355.75
23.08.2019;20.1;1315223.25
24.08.2019;21.7;1132743.25
25.08.2019;23.2;1056819.25
26.08.2019;24.5;1362267
27.08.2019;25;1421446.25
28.08.2019;24.8;1430407.75
29.08.2019;24.4;1404336
30.08.2019;23.6;1366225.25
31.08.2019;25.1;1162161.75
01.09.2019;21.3;1071957.25
02.09.2019;17.1;1327201
03.09.2019;17.1;1378854.5
04.09.2019;19;1373421
05.09.2019;17.2;1409526.25
06.09.2019;14.5;1361783.75
07.09.2019;12.8;1141407.5
08.09.2019;13.2;1054518
09.09.2019;13.7;1345338.5
10.09.2019;13.4;1390743.25
11.09.2019;15.7;1409536.75
12.09.2019;18.9;1407702.75
13.09.2019;18.3;1401072.25
14.09.2019;18.2;1158039.5
15.09.2019;18.5;1109685
16.09.2019;18.3;1378559.5
17.09.2019;16.8;1446150.5
18.09.2019;12.7;1422452.25
19.09.2019;12.2;1383852
20.09.2019;12.6;1359178.75
21.09.2019;15.4;1151972
22.09.2019;16.2;1070983
23.09.2019;16.6;1390845
24.09.2019;15.4;1402773
25.09.2019;15.6;1406429.5
26.09.2019;16.1;1428329.25
27.09.2019;15.7;1412532.75
28.09.2019;15.5;1215256.25
29.09.2019;16.9;1144073.25
30.09.2019;15.6;1445605
01.10.2019;15.3;1449526.5
02.10.2019;12.8;1432344.75
03.10.2019;9.5;1146045
04.10.2019;10.7;1266766
05.10.2019;11.8;1186621.25
06.10.2019;9.9;1122746.75
07.10.2019;11.1;1392578
08.10.2019;12.9;1468772.5
09.10.2019;12.1;1469691.5
10.10.2019;11.7;1483248.5
11.10.2019;13.1;1493783.75
12.10.2019;16.6;1249982.5
13.10.2019;19.6;1123113.5
14.10.2019;18.1;1413059.25
15.10.2019;15.5;1452183.75
16.10.2019;13.6;1469907.5
17.10.2019;14.7;1459457
18.10.2019;14.1;1454836.75
19.10.2019;13.8;1246558
20.10.2019;15.1;1109418
21.10.2019;15.2;1408883.75
22.10.2019;13;1443680.5
23.10.2019;11.9;1443132.75
24.10.2019;14.8;1456875.25
25.10.2019;13.6;1454347.5
26.10.2019;13.1;1279345
27.10.2019;11.6;1225305.75
28.10.2019;7.1;1451120.5
29.10.2019;6.6;1473848.5
30.10.2019;6.8;1466933.75
31.10.2019;5.7;1378336
01.11.2019;8.5;1268092
02.11.2019;13.8;1224070.5
03.11.2019;12.7;1128963.25
04.11.2019;10.9;1428774.75
05.11.2019;9.5;1481827.75
06.11.2019;9.3;1491698.75
07.11.2019;8.9;1509018
08.11.2019;6;1473112.75
09.11.2019;6.2;1270911.75
10.11.2019;1.5;1187107.75
11.11.2019;2.9;1525379
12.11.2019;5.9;1566387.5
13.11.2019;4.4;1529887.75
14.11.2019;5.2;1519779.75
15.11.2019;4;1536482.25
16.11.2019;3;1316943.5
17.11.2019;3;1230224
18.11.2019;4.4;1532179.25
19.11.2019;4.5;1584000
20.11.2019;0.8;1525568.5
21.11.2019;1.1;1541151.75
22.11.2019;1.9;1531973.5
23.11.2019;4.1;1336730.5
24.11.2019;3.3;1213350
25.11.2019;4.4;1496715.75
26.11.2019;8.7;1545751.25
27.11.2019;10.1;1587324
28.11.2019;10.3;1597619.5
29.11.2019;6.8;1544655
30.11.2019;3.6;1290334.75
01.12.2019;3;1230070
02.12.2019;2;1496010
03.12.2019;1.9;1571776.5
04.12.2019;0.2;1580502
05.12.2019;-1.6;1611915.5
06.12.2019;2.4;1620495.75
07.12.2019;8.5;1379209.5
08.12.2019;9.7;1292556.75
09.12.2019;7.6;1558017.5
10.12.2019;3.3;1589590
11.12.2019;2.3;1611693.25
12.12.2019;3.6;1582509.5
13.12.2019;4.8;1561002.25
14.12.2019;7.8;1361669.25
15.12.2019;9.2;1281929.75
16.12.2019;10.1;1493799.25
17.12.2019;9.5;1494454.25
18.12.2019;9.3;1482837.25
19.12.2019;3.9;1462562.5
20.12.2019;4.7;1392270.25
21.12.2019;5.9;1225236.25
22.12.2019;8;1159607
23.12.2019;8;1250114.5
24.12.2019;7.5;1136307.5
25.12.2019;7.9;1064150
26.12.2019;4.4;1060206.25
27.12.2019;5.2;1172396.25
28.12.2019;1.4;1154866.5
29.12.2019;-1.1;1124221.75
30.12.2019;-1.3;1248096.5
31.12.2019;0.9;1167935.75
01.01.2020;-0.2;1090315.75
02.01.2020;0.2;1331574.75
03.01.2020;6;1383843.25
04.01.2020;5.2;1303389.75
05.01.2020;5;1186788.25
06.01.2020;-0.6;1387734.25
07.01.2020;3.9;1535141.25
08.01.2020;5;1571399.5
09.01.2020;9.8;1542292.25
10.01.2020;8.8;1522620.25
11.01.2020;4.2;1328030.75
12.01.2020;2.6;1288505.75
13.01.2020;5.8;1539195.5
14.01.2020;7.8;1615685.5
15.01.2020;9.9;1585640.25
16.01.2020;10;1545182.25
17.01.2020;6.3;1545423
18.01.2020;4.7;1343193
19.01.2020;2.9;1229236.75
20.01.2020;3.2;1529006.5
21.01.2020;-0.1;1595396.5
22.01.2020;-2.4;1597361.25
23.01.2020;1;1587881.75
24.01.2020;0.3;1569452
25.01.2020;0.8;1357639
26.01.2020;1.4;1233826.5
27.01.2020;5.6;1547462.25
28.01.2020;5.5;1604453
29.01.2020;4.4;1646152.75
30.01.2020;6.8;1614929.5
31.01.2020;12.3;1565342.25
01.02.2020;11.9;1362480
02.02.2020;11.4;1252154
03.02.2020;10.2;1531726.5
04.02.2020;5.8;1607783
05.02.2020;4.1;1580060
06.02.2020;1.3;1585460
07.02.2020;1.4;1523709.5
08.02.2020;2.2;1333878.75
09.02.2020;9.4;1283655.5
10.02.2020;10;1587886
11.02.2020;6.3;1645411
12.02.2020;4.5;1636683
13.02.2020;4.4;1614392
14.02.2020;7.3;1523297
15.02.2020;7.3;1332515.25
16.02.2020;13.5;1283809.5
17.02.2020;9.8;1550089.25
18.02.2020;7.4;1600218.75
19.02.2020;6.2;1582402.25
20.02.2020;7.7;1561168
21.02.2020;6.2;1546116.5
22.02.2020;7.8;1363544
23.02.2020;10.8;1255409.25
24.02.2020;9;1475911.25
25.02.2020;8.4;1541704.25
26.02.2020;4.2;1540229.25
27.02.2020;3;1550928.75
28.02.2020;5.3;1534500.25
29.02.2020;9.7;1342279
01.03.2020;8.8;1229312.75
02.03.2020;7;1478471.75
03.03.2020;5;1503506.25
04.03.2020;4.6;1510674
05.03.2020;6.8;1517444
06.03.2020;6.8;1528042.25
07.03.2020;6.3;1294278.5
08.03.2020;7.7;1225136
09.03.2020;8.2;1455491.75
10.03.2020;7.7;1603121.75
11.03.2020;13.8;1555543.5
12.03.2020;12;1567162
13.03.2020;7.7;1539160.75
14.03.2020;5.7;1256870
15.03.2020;8.4;1216768.5
16.03.2020;11.2;1418329.5
17.03.2020;12.2;1447366
18.03.2020;10.7;1447226
19.03.2020;12.7;1390322.25
20.03.2020;12.6;1369465.75
21.03.2020;6.1;1254815.5
22.03.2020;4.9;1175213.25
23.03.2020;3.4;1384922
24.03.2020;4.2;1391929.25
25.03.2020;5;1386121.75
26.03.2020;6.1;1369013.25
27.03.2020;10.1;1328514.25
28.03.2020;12.3;1168693
29.03.2020;5.9;1130884.25
30.03.2020;3.3;1346610.25
31.03.2020;5.1;1352129.25
01.04.2020;4.4;1392330.5
02.04.2020;6.5;1385728.75
03.04.2020;7.6;1371881.5
04.04.2020;8.7;1142473.5
05.04.2020;11.9;1095905
06.04.2020;12.6;1289751
07.04.2020;14.9;1287449
08.04.2020;15.7;1268311.25
09.04.2020;15.3;1256867.25
10.04.2020;17;1035154.25
11.04.2020;14.9;1040517.75
12.04.2020;15.1;989618.25
13.04.2020;10.2;1044184.25
14.04.2020;5.2;1250557.75
15.04.2020;9;1286685.5
16.04.2020;13.8;1282776.75
17.04.2020;16.3;1239725
18.04.2020;17.3;1091291.75
19.04.2020;15;1050808.25
20.04.2020;14.8;1290038
21.04.2020;16;1335601.75
22.04.2020;16.7;1313829.75
23.04.2020;16.2;1280816.5
24.04.2020;15.6;1259247.25
25.04.2020;12.3;1107480
26.04.2020;13.1;1025303.5
27.04.2020;16.1;1242251.75
28.04.2020;15.1;1280188.75
29.04.2020;14.9;1297216.25
30.04.2020;12.5;1287299.25
01.05.2020;10.6;1051841.25
02.05.2020;10.8;1071928
03.05.2020;11.9;1018709.75
04.05.2020;13.5;1268388.25
05.05.2020;11.1;1310750.75
06.05.2020;11.8;1307350.25
07.05.2020;14;1290492
08.05.2020;17.4;1244586.5
09.05.2020;15.6;1073486.75
10.05.2020;18.2;1017277.5
11.05.2020;7.3;1339857.75
12.05.2020;8.5;1335587
13.05.2020;10.6;1312209
14.05.2020;11.6;1313033
15.05.2020;12.8;1304126
16.05.2020;13.2;1127485
17.05.2020;13.7;1050327.75
18.05.2020;16.3;1283197.75
19.05.2020;19.2;1308894.25
20.05.2020;19.6;1249689
21.05.2020;19.7;1019634.75
22.05.2020;20.7;1157968
23.05.2020;14.4;1109808
24.05.2020;14.8;1055467.75
25.05.2020;16.6;1293773
26.05.2020;15.5;1279918.25
27.05.2020;16.9;1297089.25
28.05.2020;17.4;1295495
29.05.2020;16.4;1235211
30.05.2020;17.1;1076573.5
31.05.2020;16.2;997749.75
01.06.2020;20.5;983914.5
02.06.2020;21.4;1254432
03.06.2020;19.5;1294840
04.06.2020;15.6;1332352.25
05.06.2020;13;1309543.75
06.06.2020;13.7;1145400.25
07.06.2020;15.4;1037241.25
08.06.2020;15.9;1257785.25
09.06.2020;15.4;1294317
10.06.2020;15.6;1290564.5
11.06.2020;15.2;1138349.75
12.06.2020;20.5;1191396.5
13.06.2020;21.4;1101138
14.06.2020;17.9;1045712
15.06.2020;17.6;1264716.5
16.06.2020;17.8;1299744.75
17.06.2020;17.3;1302073.25
18.06.2020;17.7;1308768.75
19.06.2020;18.2;1260401
20.06.2020;17.9;1097124.75
21.06.2020;19.4;1009711.5
22.06.2020;20.1;1277070
23.06.2020;21.3;1304889.5
24.06.2020;22.1;1297312.25
25.06.2020;22.3;1319384.5
26.06.2020;22.1;1277439.25
27.06.2020;23.6;1099305.5
28.06.2020;19.7;1024257
29.06.2020;18.2;1278860
30.06.2020;17.4;1345221.5
01.07.2020;22.5;1343671.5
02.07.2020;20.9;1326293.5
03.07.2020;19.2;1273487.25
04.07.2020;21;1146707.5
05.07.2020;23.7;1091491.5
06.07.2020;18;1349637.25
07.07.2020;16.5;1349049.5
08.07.2020;17.5;1342095.5
09.07.2020;22.9;1342185
10.07.2020;21.5;1305485
11.07.2020;17.8;1107112.25
12.07.2020;18.5;1007346.75
13.07.2020;19.8;1254342.25
14.07.2020;21.2;1306803
15.07.2020;17.3;1321256.25
16.07.2020;16.1;1325128.75
17.07.2020;19.3;1268066.5
18.07.2020;21;1064688
19.07.2020;21.6;985816.75
20.07.2020;21.6;1258827.75
21.07.2020;20.2;1291551.75
22.07.2020;20.3;1299791
23.07.2020;20.7;1283859.5
24.07.2020;22.4;1274845
25.07.2020;23.4;1069950.5
26.07.2020;21.3;1011704.25
27.07.2020;23.8;1246093
28.07.2020;23.8;1335801
29.07.2020;20.1;1314426.25
30.07.2020;22.7;1291188.25
31.07.2020;25.9;1256614.75
01.08.2020;25.4;1102475.5
02.08.2020;23.5;1011098.75
03.08.2020;18.9;1237648.5
04.08.2020;18.7;1259769.5
05.08.2020;20.8;1280412
06.08.2020;22.6;1281061.75
07.08.2020;25.7;1269427.25
08.08.2020;27.3;1106484.75
09.08.2020;28;1035652
10.08.2020;27.9;1319526.75
11.08.2020;29;1383279.75
12.08.2020;27.8;1369522.25
13.08.2020;22.2;1362389
14.08.2020;22.2;1311814.25
15.08.2020;23.5;1095678
16.08.2020;25.2;1036924
17.08.2020;22.1;1308972.5
18.08.2020;20.6;1327555
19.08.2020;21.3;1321073.5
20.08.2020;25.7;1347739.25
21.08.2020;27.8;1350479.25
22.08.2020;22.3;1146271.75
23.08.2020;20.7;1062355
24.08.2020;18.5;1297186.25
25.08.2020;18.7;1342077.25
26.08.2020;21.7;1419073.25
27.08.2020;18.4;1357008.75
28.08.2020;18.6;1312567
29.08.2020;17.5;1110489.5
30.08.2020;15.7;1023826.75
31.08.2020;16.2;1308308.75
01.09.2020;17.1;1342556.75
02.09.2020;16.9;1348501
03.09.2020;17.6;1360908.25
04.09.2020;22.4;1331547.5
05.09.2020;18.4;1129570.5
06.09.2020;15.8;1045540
07.09.2020;15.1;1309754
08.09.2020;17.1;1387143.25
09.09.2020;19.8;1396161.5
10.09.2020;20;1373264.25
11.09.2020;20.2;1314974.5
12.09.2020;20.2;1155350
13.09.2020;20.5;1057887.75
14.09.2020;22;1320812.75
15.09.2020;21.5;1370530.75
16.09.2020;21.7;1395852
17.09.2020;19.2;1380337.25
18.09.2020;19.2;1323933.75
19.09.2020;17.1;1125446.25
20.09.2020;17.5;1034292.25
21.09.2020;17.3;1310829
22.09.2020;19.5;1356750
23.09.2020;19.7;1369732.5
24.09.2020;16.9;1385457.5
25.09.2020;12.2;1349912.5
26.09.2020;10.5;1187908.25
27.09.2020;10.4;1089909.25
28.09.2020;11.1;1350869.5
29.09.2020;12.7;1387335
30.09.2020;14;1382360
01.10.2020;13.2;1410453
02.10.2020;16.5;1398155.75
03.10.2020;13;1170652.25
04.10.2020;13.6;1122755.75
05.10.2020;12.4;1412909.75
06.10.2020;12.8;1481010.75
07.10.2020;13.2;1459868.75
08.10.2020;13.5;1495743.5
09.10.2020;15.1;1408842.75
10.10.2020;10.7;1222990.75
11.10.2020;8.7;1140194.75
12.10.2020;8.7;1395528.5
13.10.2020;8.1;1425287.5
14.10.2020;8;1505784.75
15.10.2020;9;1499580.5
16.10.2020;9.8;1419887.25
17.10.2020;8.4;1201054.25
18.10.2020;8.3;1164285.25
19.10.2020;9.8;1411204.75
20.10.2020;10.6;1473024
21.10.2020;14.1;1485665.5
22.10.2020;16.8;1487198.25
23.10.2020;14.6;1432090.25
24.10.2020;13.1;1249046.75
25.10.2020;12.6;1225577
26.10.2020;10;1433818.5
27.10.2020;9.5;1497633.75
28.10.2020;12.3;1510929.5
29.10.2020;11.6;1516425
30.10.2020;13.3;1458323.25
31.10.2020;13.4;1188506
01.11.2020;14.3;1177105
02.11.2020;18.7;1477640.75
03.11.2020;12.2;1479108
04.11.2020;7.4;1499658.25
05.11.2020;5.3;1504678
06.11.2020;4.3;1448371.25
07.11.2020;4.4;1230362.5
08.11.2020;6.3;1142375
09.11.2020;8.4;1427032.25
10.11.2020;6;1475216.5
11.11.2020;7.8;1481888
12.11.2020;8.9;1496434.5
13.11.2020;9.4;1454049.25
14.11.2020;12.1;1235201.75
15.11.2020;12.6;1200297.25
16.11.2020;11.1;1487480.25
17.11.2020;9.5;1530110.25
18.11.2020;7;1502988.25
19.11.2020;9.4;1558706.75
20.11.2020;3.9;1496675
21.11.2020;1.3;1338538.75
22.11.2020;3.4;1258026.25
23.11.2020;5.4;1524600.5
24.11.2020;3;1566700.25
25.11.2020;1.8;1554912
26.11.2020;1.7;1551605.75
27.11.2020;2.8;1499603.5
28.11.2020;0.5;1320888.75
29.11.2020;1;1243516.5
30.11.2020;-1.3;1553410.5
01.12.2020;1;1568630.25
02.12.2020;1.6;1568559.5
03.12.2020;1.9;1635766.5
04.12.2020;4.7;1588547.25
05.12.2020;3.5;1330057.75
06.12.2020;3.7;1255414.75
07.12.2020;4.3;1567637.25
08.12.2020;2;1548760.5
09.12.2020;2;1575182.5
10.12.2020;1.9;1574220.5
11.12.2020;3.2;1578548.5
12.12.2020;5.8;1342316.25
13.12.2020;6.8;1224218
14.12.2020;5.1;1517663.5
15.12.2020;6.8;1541482
16.12.2020;7.5;1506132.5
17.12.2020;7.1;1517513.5
18.12.2020;2.3;1457834.75
19.12.2020;5;1286968
20.12.2020;6.9;1193652.25
21.12.2020;7.4;1369577.25
22.12.2020;12.2;1385226.5
23.12.2020;12.3;1274551.75
24.12.2020;7.7;1161208.25
25.12.2020;3;1094990.5
26.12.2020;1.5;1136504.25
27.12.2020;2.3;1231601.25
28.12.2020;4.3;1242393.25
29.12.2020;3.7;1243182
30.12.2020;3.8;1263061
31.12.2020;2.4;1176434
01.01.2021;2.7;1098941.5
02.01.2021;2.2;1171762.25
03.01.2021;1.2;1212326.25
04.01.2021;1.9;1476359.75
05.01.2021;2.4;1518140.25
06.01.2021;2.3;1453132.25
07.01.2021;2.2;1523387.75
08.01.2021;0.8;1503616.25
09.01.2021;0.7;1330971.75
10.01.2021;-1.1;1292727.25
11.01.2021;-1.9;1630217.25
12.01.2021;1.4;1644547.75
13.01.2021;1.2;1649562.25
14.01.2021;2.2;1614050.75
15.01.2021;0.2;1578581.5
16.01.2021;-0.4;1391777
17.01.2021;-0.4;1309506.75
18.01.2021;2.8;1587916.75
19.01.2021;3.1;1632185
20.01.2021;6.1;1624024
21.01.2021;8.9;1622030.25
22.01.2021;6.5;1571816
23.01.2021;4;1341773.25
24.01.2021;2.4;1260120.75
25.01.2021;1.2;1549406.5
26.01.2021;2.3;1612577.75
27.01.2021;1;1615667.5
28.01.2021;7.4;1600425
29.01.2021;10.1;1561750.75
30.01.2021;6;1352918.75
31.01.2021;2.4;1299223.25
01.02.2021;4.6;1561986.25
02.02.2021;8.5;1576207.25
03.02.2021;10.9;1597696.5
04.02.2021;8.2;1549135.25
05.02.2021;6.6;1533359.25
06.02.2021;7.2;1383829.5
07.02.2021;5;1353725.5
08.02.2021;-2.3;1598669.5
09.02.2021;-5.7;1638840
10.02.2021;-7.4;1651978.75
11.02.2021;-7;1643695.75
12.02.2021;-4.9;1620712.75
13.02.2021;-4.4;1429510.25
14.02.2021;-2;1366698.5
15.02.2021;0.5;1640145.5
16.02.2021;5.8;1582806.5
17.02.2021;7.7;1584371
18.02.2021;5.6;1559939
19.02.2021;7.8;1518974.75
20.02.2021;8.6;1296132.25
21.02.2021;7.5;1186315
22.02.2021;6.5;1457913
23.02.2021;10.3;1491639.75
24.02.2021;11.9;1499332
25.02.2021;11.3;1482710.75
26.02.2021;6.2;1483301.75
27.02.2021;5.6;1273043
28.02.2021;5.2;1196205.5
01.03.2021;6.4;1472760.5
02.03.2021;6.8;1487391.25
03.03.2021;7;1503514.75
04.03.2021;9.4;1513336
05.03.2021;4;1503047.5
06.03.2021;2.5;1313788.75
07.03.2021;2;1255622.25
08.03.2021;2.7;1488151.5
09.03.2021;3.6;1542902.5
10.03.2021;6.9;1541248.25
11.03.2021;9.8;1609601.25
12.03.2021;7.9;1562261.75
13.03.2021;7.1;1385569.25
14.03.2021;5.4;1285020.5
15.03.2021;6;1526162.75
16.03.2021;5.9;1546284
17.03.2021;4.3;1525197.25
18.03.2021;3.3;1522514.5
19.03.2021;3.1;1529062.5
20.03.2021;2.3;1326111
21.03.2021;5.4;1268196.5
22.03.2021;5.8;1503150.25
23.03.2021;6;1519112.75
24.03.2021;6.4;1496663.5
25.03.2021;10.1;1469071.75
26.03.2021;11.1;1438960.25
27.03.2021;8.8;1316568.75
28.03.2021;10.8;1162432.5
29.03.2021;13;1437691.5
30.03.2021;12.9;1432565
31.03.2021;14.3;1396904.75
01.04.2021;16;1380022.75
02.04.2021;9;1168692
03.04.2021;7.8;1170055.25
04.04.2021;6.5;1098220.5
05.04.2021;4.3;1207269.5
06.04.2021;2.3;1505635.5
07.04.2021;2.9;1573795
08.04.2021;5;1525698.5
09.04.2021;9.6;1489991
10.04.2021;11.9;1241147
11.04.2021;9.9;1198037.75
12.04.2021;5;1473451.25
13.04.2021;4.1;1520344.75
14.04.2021;4.3;1501955
15.04.2021;4.8;1507182.75
16.04.2021;5.5;1489850.75
17.04.2021;7.5;1264671.75
18.04.2021;8.7;1155375.25
19.04.2021;8.7;1438538.75
20.04.2021;9.6;1451073
21.04.2021;11.9;1452208.75
22.04.2021;9.7;1467430
23.04.2021;9.8;1413252.75
24.04.2021;11.2;1201547.25
25.04.2021;10.4;1116215.25
26.04.2021;10.4;1379496.75
27.04.2021;11.9;1408013.75
28.04.2021;12.5;1409776.25
29.04.2021;12.3;1438905
30.04.2021;7.3;1407774.75
01.05.2021;9.7;1114380.5
02.05.2021;10;1125033.25
03.05.2021;9.8;1416963
04.05.2021;10.7;1513362.5
05.05.2021;9.2;1513996.25
06.05.2021;7.7;1490851
07.05.2021;8.6;1426119.75
08.05.2021;10.7;1216791
09.05.2021;19.3;1125277
10.05.2021;16.7;1386834.5
11.05.2021;13.5;1398986.25
12.05.2021;13.2;1392349.25
13.05.2021;12.4;1128841.5
14.05.2021;12.6;1218696.25
15.05.2021;11.7;1153819.25
16.05.2021;13.3;1092926
17.05.2021;12.4;1361750.25
18.05.2021;11.8;1402838
19.05.2021;11.5;1394522.5
20.05.2021;13;1396595.25
21.05.2021;14.3;1411662
22.05.2021;13.1;1228107.75
23.05.2021;12.9;1081855.75
24.05.2021;12.8;1095516
25.05.2021;11.4;1380219
26.05.2021;11.1;1438675.25
27.05.2021;11.5;1424637.75
28.05.2021;13.4;1356269
29.05.2021;15.6;1165516.25
30.05.2021;16;1067348.25
31.05.2021;16.7;1314610.75
01.06.2021;18.4;1351650.25
02.06.2021;20.7;1368888.75
03.06.2021;21.5;1235370.5
04.06.2021;20.9;1277759.5
05.06.2021;19.3;1146526
06.06.2021;17.5;1074335.5
07.06.2021;17.6;1345391.25
08.06.2021;19.7;1380255.5
09.06.2021;21.1;1387232.5
10.06.2021;21.9;1387110.5
11.06.2021;22.4;1374826.5
12.06.2021;21.3;1201338
13.06.2021;18.8;1094878.75
14.06.2021;21.2;1347085.75
15.06.2021;23.2;1399063.75
16.06.2021;25.7;1411812.5
17.06.2021;27;1463892.75
18.06.2021;27.7;1443995.25
19.06.2021;27.8;1238650.25
20.06.2021;24.8;1138654.75
21.06.2021;21.7;1415590
22.06.2021;17.1;1423316.5
23.06.2021;19.6;1381170.25
24.06.2021;18.3;1373439.5
25.06.2021;18.4;1351937.25
26.06.2021;20.3;1154939.25
27.06.2021;22.4;1076228.75
28.06.2021;22.9;1406498.25
29.06.2021;19.1;1422281.25
30.06.2021;16.9;1411922.75
01.07.2021;16.3;1441583
02.07.2021;18.7;1371326.25
03.07.2021;20.7;1159086.5
04.07.2021;19.1;1080497
05.07.2021;18.6;1365433.25
06.07.2021;18.4;1431569
07.07.2021;19.3;1408186.5
08.07.2021;18.6;1392496.5
09.07.2021;18.1;1381353.25
10.07.2021;20;1173197.25
11.07.2021;19;1081727.5
12.07.2021;20;1386095.25
13.07.2021;17.5;1423591.25
14.07.2021;16.2;1419681.5
15.07.2021;18.8;1387297.75
16.07.2021;20.3;1372835.25
17.07.2021;21.3;1178768.25
18.07.2021;22.5;1097438.5
19.07.2021;21.5;1353978.5
20.07.2021;19.1;1385349.75
21.07.2021;19.3;1365808.75
22.07.2021;20.3;1367534.5
23.07.2021;21.5;1346177
24.07.2021;21.2;1165976
25.07.2021;21.6;1103015.25
26.07.2021;21;1350730.25
27.07.2021;20.5;1375268.75
28.07.2021;19.2;1367429.5
29.07.2021;19;1384896.25
30.07.2021;21.2;1335371.5
31.07.2021;19.9;1179569.5
01.08.2021;18;1056921.25
02.08.2021;16.2;1301328.25
03.08.2021;16.5;1324393.5
04.08.2021;17.4;1306665.75
05.08.2021;19;1323726.5
06.08.2021;18.4;1305708
07.08.2021;18.2;1125601.75
08.08.2021;16.9;1079805.75
09.08.2021;17.9;1277861.25
10.08.2021;19.4;1304070.25
11.08.2021;20.9;1309476.75
12.08.2021;21.9;1313299.75
13.08.2021;23.7;1324946.75
14.08.2021;22.6;1155226.5
15.08.2021;22.9;1075380.5
16.08.2021;19;1353360.25
17.08.2021;14.9;1389314.25
18.08.2021;17.4;1384061.5
19.08.2021;18.9;1374688.25
20.08.2021;19.5;1320080.5
21.08.2021;19.9;1120065.5
22.08.2021;17.8;1063806
23.08.2021;18.2;1342039.25
24.08.2021;16.2;1355428.25
25.08.2021;16.8;1370096
26.08.2021;16.2;1374393.5
27.08.2021;15.2;1345068.5
28.08.2021;15;1150050
29.08.2021;15;1095537.75
30.08.2021;16.6;1374715.5
31.08.2021;16.1;1401463.5
01.09.2021;15.9;1380291
02.09.2021;17.9;1357884.75
03.09.2021;17.8;1346116.25
04.09.2021;17.9;1144008.5
05.09.2021;19.9;1067481.25
06.09.2021;19;1322295.25
07.09.2021;18.8;1360184.5
08.09.2021;18.9;1374800
09.09.2021;19.8;1385913.25
10.09.2021;20.8;1365039.25
11.09.2021;18.9;1154883.75
12.09.2021;17.1;1090092.25
13.09.2021;17.7;1338102
14.09.2021;19;1377876.25
15.09.2021;19.8;1420064.5
16.09.2021;17.2;1418990.5
17.09.2021;15.2;1369068.25
18.09.2021;15.5;1173739.25
19.09.2021;15.5;1086137.75
20.09.2021;15;1342256.5
21.09.2021;13.8;1384880.5
22.09.2021;11.6;1393951.75
23.09.2021;13.8;1445504.25
24.09.2021;15.3;1421032.75
25.09.2021;15.5;1194149
26.09.2021;17.5;1111163
27.09.2021;17.8;1393390.25
28.09.2021;14.2;1396660.25
29.09.2021;13.7;1440163
30.09.2021;10.6;1448041.75
01.10.2021;11.3;1426776.25
02.10.2021;16.8;1212766
03.10.2021;18.9;1191211.75
04.10.2021;13.1;1395192.75
05.10.2021;13.5;1445784.75
06.10.2021;11.8;1442242.25
07.10.2021;12;1414740
08.10.2021;12;1385602.5
09.10.2021;11.4;1200441.5
10.10.2021;7.4;1146501.25
11.10.2021;6;1446874.75
12.10.2021;8.7;1502203.5
13.10.2021;7.2;1484320.5
14.10.2021;9.5;1512329.75
15.10.2021;9.7;1498354.75
16.10.2021;7.4;1272971.5
17.10.2021;8;1186941.75
18.10.2021;9.5;1435175.5
19.10.2021;11.6;1508493.25
20.10.2021;15;1538874
21.10.2021;12.8;1553469.25
22.10.2021;7.8;1525793.5
23.10.2021;7.4;1285881.75
24.10.2021;5.2;1187661.5
25.10.2021;6.8;1475044
26.10.2021;11.1;1517948.5
27.10.2021;10.2;1533686.75
28.10.2021;6.5;1506449.25
29.10.2021;7.3;1482034
30.10.2021;6.3;1280079.75
31.10.2021;13.9;1222969.5
01.11.2021;11;1300461.75
02.11.2021;8;1446515.25
03.11.2021;8;1477589.5
04.11.2021;7.7;1553310.75
05.11.2021;7.6;1537701.75
06.11.2021;5.3;1334094.25
07.11.2021;6;1278660
08.11.2021;5.9;1498251.75
09.11.2021;5.2;1548415.75
10.11.2021;2.2;1563069
11.11.2021;1.6;1498967.75
12.11.2021;1.6;1481288.75
13.11.2021;5.2;1318175.5
14.11.2021;9.2;1174131
15.11.2021;8.5;1460057.25
16.11.2021;7;1485362.25
17.11.2021;6.7;1519894.5
18.11.2021;6.4;1544599.25
19.11.2021;6.2;1506138.5
20.11.2021;8.2;1343923
21.11.2021;5.3;1272338
22.11.2021;5.5;1541025
23.11.2021;1.5;1561897.5
24.11.2021;2.8;1546374.5
25.11.2021;2;1600413.25
26.11.2021;2.8;1576959.75
27.11.2021;3.6;1372303.25
28.11.2021;2.6;1288240
29.11.2021;2.2;1582708.25
30.11.2021;4;1681885.5
01.12.2021;6.7;1661110
02.12.2021;4.2;1662743.25
03.12.2021;1.8;1667032.75
04.12.2021;4.7;1403698.25
05.12.2021;4.2;1316978.5
06.12.2021;2.6;1587352.5
07.12.2021;4;1641602.5
08.12.2021;4.6;1656862.75
09.12.2021;3.4;1603687
10.12.2021;2.4;1572195.5
11.12.2021;3.4;1381204
12.12.2021;3.5;1320860.5
13.12.2021;6.7;1538602
14.12.2021;6.2;1570856.25
15.12.2021;5.9;1581542.5
16.12.2021;6.7;1559576
17.12.2021;6.1;1511702.5
18.12.2021;3.6;1371053
19.12.2021;4.3;1308255.25
20.12.2021;3.1;1486787
21.12.2021;-1.2;1487330.75
22.12.2021;-3;1500262.25
23.12.2021;0.8;1452725.25
24.12.2021;7.8;1252716.25
25.12.2021;5.3;1159432.75
26.12.2021;2.5;1189716.5
27.12.2021;7.2;1344781.25
28.12.2021;9.1;1344461.75
29.12.2021;9.7;1263554.75
30.12.2021;13;1295043
31.12.2021;11.4;1210025.5
01.01.2022;9.8;1074012.5
02.01.2022;9.6;1177688.5
03.01.2022;10.6;1441202.25
04.01.2022;8.2;1479554
05.01.2022;4.1;1559725.75
06.01.2022;3.4;1469495
07.01.2022;1.7;1540514.75
08.01.2022;3.3;1386223.75
09.01.2022;5;1312889
10.01.2022;3.3;1537102
11.01.2022;2.9;1579363
12.01.2022;1.8;1590139.25
13.01.2022;-0.2;1638476.25
14.01.2022;-1.4;1603893.5
15.01.2022;0.6;1354721
16.01.2022;1.8;1343923.5
17.01.2022;3.8;1622114
18.01.2022;5.2;1577778.5
19.01.2022;3.2;1646985.75
20.01.2022;3.3;1671383.75
21.01.2022;2.4;1645225.25
22.01.2022;4.9;1379611.75
23.01.2022;4.5;1268846.75
24.01.2022;2.6;1546946.25
25.01.2022;0;1596700.25
26.01.2022;0.4;1641429.5
27.01.2022;0.8;1659757
28.01.2022;4.3;1614712
29.01.2022;4.4;1416971.5
30.01.2022;5.6;1289423.25
31.01.2022;4.7;1620269.5
01.02.2022;4.4;1665434.5
02.02.2022;8.4;1611490.75
03.02.2022;7.9;1592823.25
04.02.2022;7;1577870.5
05.02.2022;3.8;1397807.25
06.02.2022;6;1347530.5
07.02.2022;4.6;1589655.25
08.02.2022;5.6;1624507.5
09.02.2022;8.6;1587766.25
10.02.2022;6.2;1568335.75
11.02.2022;3.4;1582739.5
12.02.2022;1.1;1376161.25
13.02.2022;5.2;1298462.5
14.02.2022;7.9;1569445.25
15.02.2022;6.9;1599276
16.02.2022;8.9;1608406
17.02.2022;11.6;1590315.75
18.02.2022;10.8;1538527
19.02.2022;7.5;1362436
20.02.2022;8.8;1287545.5
21.02.2022;7.4;1576538.25
22.02.2022;7.6;1593619
23.02.2022;7.1;1555581.5
24.02.2022;7.8;1597385.25
25.02.2022;4.2;1581934
26.02.2022;3.2;1303739.5
27.02.2022;4.6;1242169.25
28.02.2022;4.2;1490396
01.03.2022;3.6;1541387
02.03.2022;2;1522604
03.03.2022;2.8;1519517.25
04.03.2022;4.1;1512865.5
05.03.2022;2.3;1321141.75
06.03.2022;3.5;1239509.5
07.03.2022;1.9;1495492.5
08.03.2022;3.6;1513157.25
09.03.2022;3.4;1495359.5
10.03.2022;6.9;1503501
11.03.2022;8.4;1517967.5
12.03.2022;7.7;1299691.5
13.03.2022;7.5;1206995.5
14.03.2022;9.1;1470851.5
15.03.2022;6;1488482.5
16.03.2022;8.8;1489536.5
17.03.2022;9.1;1518071.25
18.03.2022;9.2;1459353.5
19.03.2022;8.9;1295537.25
20.03.2022;10.4;1223565.5
21.03.2022;10.6;1442809.25
22.03.2022;8.5;1442532.25
23.03.2022;8.9;1432650
24.03.2022;9.6;1425095.25
25.03.2022;10.7;1407213.75
26.03.2022;12.3;1231079.25
27.03.2022;13;1086136.25
28.03.2022;11.9;1413778
29.03.2022;11.8;1444435.75
30.03.2022;8.4;1451914.75
31.03.2022;6.2;1511027.25
01.04.2022;2.1;1571914
02.04.2022;1.6;1341881.25
03.04.2022;2.7;1216365.25
04.04.2022;4.8;1531331
05.04.2022;7.8;1537118.25
06.04.2022;11.7;1519852.75
07.04.2022;11.3;1542987.25
08.04.2022;5.3;1493749
09.04.2022;4.3;1309263.75
10.04.2022;4;1211678.25
11.04.2022;8.7;1406944.25
12.04.2022;13.4;1419593.75
13.04.2022;16;1390728.25
14.04.2022;15.4;1356562
15.04.2022;13.7;1124862.5
16.04.2022;11.1;1126544.25
17.04.2022;10.5;1035637.75
18.04.2022;11;1042537.75
19.04.2022;12.1;1327103.75
20.04.2022;11.5;1384774
21.04.2022;11.7;1405646
22.04.2022;13.3;1396796.25
23.04.2022;13;1209591.75
24.04.2022;10.6;1156003
25.04.2022;10;1378295.75
26.04.2022;9.9;1409882
27.04.2022;11.8;1386376.25
28.04.2022;13.4;1378339.75
29.04.2022;14.1;1352432.75
30.04.2022;9.8;1167084.75
01.05.2022;11.5;1051148.5
02.05.2022;13.5;1330493.25
03.05.2022;15.3;1380141.25
04.05.2022;15.1;1372443.75
05.05.2022;13.3;1383523.25
06.05.2022;15.5;1357491.5
07.05.2022;16.1;1172521.75
08.05.2022;16.7;1070459
09.05.2022;18;1350181.25
10.05.2022;18.2;1425098.25
11.05.2022;22.1;1410687.25
12.05.2022;20.3;1402651
13.05.2022;18.3;1390079
14.05.2022;16.9;1169551
15.05.2022;19.7;1065615.5
16.05.2022;19.3;1373221.75
17.05.2022;19.3;1400260
18.05.2022;22.4;1410267.25
19.05.2022;23.3;1407791.75
20.05.2022;22.7;1384140.75
21.05.2022;16.9;1198887.25
22.05.2022;18.4;1046864
23.05.2022;19.3;1358949.5
24.05.2022;16.7;1387329.5
25.05.2022;17;1332005.75
26.05.2022;18;1128639.5
27.05.2022;16.6;1240401
28.05.2022;13.2;1151169.5
29.05.2022;12.8;1059342.75
30.05.2022;13.1;1322482.75
31.05.2022;15.6;1346494
01.06.2022;17.2;1325389
02.06.2022;17.3;1339249
03.06.2022;19.5;1315089.25
04.06.2022;20.9;1101200.75
05.06.2022;19.6;1009905.75
06.06.2022;19;1052948.5
07.06.2022;18.5;1305421
08.06.2022;17.2;1330687
09.06.2022;15.9;1344319.5
10.06.2022;17.9;1310122.25
11.06.2022;20.3;1133254.25
12.06.2022;22.3;1054088.25
13.06.2022;19.1;1320080.75
14.06.2022;19.4;1327472
15.06.2022;22.6;1306621.25
16.06.2022;22.6;1164985.5
17.06.2022;22.3;1234317.75
18.06.2022;26.2;1143566
19.06.2022;29;1080004.75
20.06.2022;18.7;1312131.5
21.06.2022;20.4;1341962.75
22.06.2022;20.2;1331989.25
23.06.2022;24.2;1333089.75
24.06.2022;20.1;1344444.75
25.06.2022;21.4;1125249.75
26.06.2022;22.6;1044877
27.06.2022;19.7;1318756
28.06.2022;21.2;1320117.75
29.06.2022;23.6;1334112.75
30.06.2022;24.5;1354991.25
01.07.2022;17.4;1320585.25
02.07.2022;20.1;1123257.5
03.07.2022;23.4;1057153.5
04.07.2022;22;1306229
05.07.2022;21.8;1340531.5
06.07.2022;18.3;1333716.25
07.07.2022;17.8;1381150.75
08.07.2022;18;1322874.5
09.07.2022;19.5;1137032.25
10.07.2022;17.7;1071839
11.07.2022;20.2;1275114.75
12.07.2022;21.2;1294884.25
13.07.2022;24.8;1349019.25
14.07.2022;23.3;1341939.5
15.07.2022;19.2;1306527.5
16.07.2022;19.8;1127137.5
17.07.2022;21.8;1023108
18.07.2022;23.9;1261341.5
19.07.2022;27.8;1315448.25
20.07.2022;28.3;1373677
21.07.2022;23.5;1339280.75
22.07.2022;24;1278973.5
23.07.2022;23.8;1097379.75
24.07.2022;24.8;1029612
25.07.2022;26.5;1329512.25
26.07.2022;22.9;1306999.5
27.07.2022;21.1;1280555.5
28.07.2022;22.7;1286924.25
29.07.2022;23;1273991
30.07.2022;22.2;1065117.25
31.07.2022;24.8;1008869
01.08.2022;24.3;1247504.25
02.08.2022;23.8;1272934.5
03.08.2022;25.9;1290196.25
04.08.2022;29.5;1299231.5
05.08.2022;24.8;1279748.25
06.08.2022;20.5;1093177.25
07.08.2022;21.8;994622
08.08.2022;23;1224569.25
09.08.2022;24.8;1257746.5
10.08.2022;24.8;1263762.25
11.08.2022;23.9;1264513.25
12.08.2022;24.8;1237514.5
13.08.2022;24;1074475
14.08.2022;25.8;1034108.25
15.08.2022;22.8;1236105.5
16.08.2022;22.6;1262302
17.08.2022;22.5;1279045.5
18.08.2022;22.3;1291583.5
19.08.2022;24.4;1252740
20.08.2022;22.8;1058374.5
21.08.2022;21;984968
22.08.2022;23.2;1230770.25
23.08.2022;24.3;1273127.25
24.08.2022;24.4;1276490.25
25.08.2022;25.5;1300661.5
26.08.2022;24.2;1273843.25
27.08.2022;22.3;1083113.5
28.08.2022;22.1;1017593.75
29.08.2022;21.8;1238922.5
30.08.2022;23.4;1268161.5
31.08.2022;20.2;1286521.25
01.09.2022;19.7;1270903.75
02.09.2022;20.8;1280491.5
03.09.2022;19.1;1120870.5
04.09.2022;19.9;1037616.25
05.09.2022;21.4;1312402.75
06.09.2022;22.5;1335652.25
07.09.2022;22.4;1324214
08.09.2022;18.7;1341710.75
09.09.2022;16.7;1285783
10.09.2022;16.5;1090163.25
11.09.2022;17.9;1002977
12.09.2022;17.8;1242500.25
13.09.2022;18.5;1321121.25
14.09.2022;19.1;1312963
15.09.2022;17.3;1336129.75
16.09.2022;14.6;1340793
17.09.2022;12.3;1152542.5
18.09.2022;12.4;1082440.75
19.09.2022;11.6;1306636
20.09.2022;11.5;1295291.75
21.09.2022;11.3;1280975.25
22.09.2022;11.6;1282352.5
23.09.2022;12.5;1270572.75
24.09.2022;13.4;1108470.25
25.09.2022;13;1027221.75
26.09.2022;12.1;1339231.5
27.09.2022;10.7;1333117.5
28.09.2022;11.1;1315024.5
29.09.2022;10.5;1313619
30.09.2022;11.1;1290304
01.10.2022;11.8;1189992
02.10.2022;13;1088022
03.10.2022;11.1;1075365.75
04.10.2022;11.1;1291309.25
05.10.2022;15.7;1365907.5
06.10.2022;14.7;1357713.75
07.10.2022;12.2;1320534.25
08.10.2022;13.1;1155636.25
09.10.2022;11.6;1051517.75
10.10.2022;13.9;1340264.75
11.10.2022;12.8;1336062.5
12.10.2022;11.3;1315148.75
13.10.2022;12.7;1324350.75
14.10.2022;14.6;1302875.25
15.10.2022;16.2;1133221
16.10.2022;16.9;1080666.25
17.10.2022;17.7;1301724.25
18.10.2022;17.1;1353053.25
19.10.2022;14.3;1332021.75
20.10.2022;13;1368212.75
21.10.2022;15.5;1321604
22.10.2022;15.6;1120463.25
23.10.2022;14.8;1042224.75
24.10.2022;16.9;1338805.5
25.10.2022;13.6;1346605.25
26.10.2022;15;1330106.5
27.10.2022;14;1333895.5
28.10.2022;17.4;1313328
29.10.2022;16.9;1119961.25
30.10.2022;15.3;1054426.25
31.10.2022;13;1140227
01.11.2022;13.9;1175601
02.11.2022;11.3;1363059.5
03.11.2022;9.8;1403097
04.11.2022;10.6;1345107.75
05.11.2022;9;1169549.75
06.11.2022;7.9;1132711.5
07.11.2022;12;1388652
08.11.2022;11.4;1396295
09.11.2022;13;1396327.75
10.11.2022;9.4;1403915
11.11.2022;6.2;1380103.75
12.11.2022;6;1155306.5
13.11.2022;5.6;1076847.75
14.11.2022;8.1;1368700
15.11.2022;11.9;1377514
16.11.2022;11.3;1417584
17.11.2022;10.9;1431513
18.11.2022;9.2;1398463
19.11.2022;4.9;1209318.5
20.11.2022;5.3;1122340.25
21.11.2022;7.4;1386775.75
22.11.2022;7.2;1447658
23.11.2022;7.7;1422852.25
24.11.2022;8.2;1413666
25.11.2022;6.8;1382755.75
26.11.2022;5.6;1177145.25
27.11.2022;3.5;1140142.5
28.11.2022;6.1;1437402
29.11.2022;7.2;1427959.5
30.11.2022;7.1;1426247.25
01.12.2022;4.5;1436737
02.12.2022;3.1;1451517
03.12.2022;3.2;1262276.25
04.12.2022;2.6;1190715.75
05.12.2022;4.1;1442363.25
06.12.2022;4.3;1444671.5
07.12.2022;4;1461929.75
08.12.2022;3;1457247.25
09.12.2022;1.3;1442724
10.12.2022;0.1;1258524.25
11.12.2022;-1.5;1214777.25
12.12.2022;-1.5;1469938.5
13.12.2022;-2.8;1515409.75
14.12.2022;-2;1525619.25
15.12.2022;-3.8;1513803
16.12.2022;-4.7;1476595.5
17.12.2022;-7.9;1326706
18.12.2022;-6.6;1271301.5
19.12.2022;1.6;1478693.75
20.12.2022;7.4;1434496.25
21.12.2022;9.7;1354708.25
22.12.2022;10.7;1337994.75
23.12.2022;11.5;1226160.5
24.12.2022;11;1049326
25.12.2022;10.7;1003558.25
26.12.2022;10.4;1047961.75
27.12.2022;4.5;1194002.75
28.12.2022;7;1210004.75
29.12.2022;11;1181342.25
30.12.2022;8.3;1164400.5
31.12.2022;14.8;1067390.75
01.01.2023;12.5;987276.25
02.01.2023;12.1;1243093.25
03.01.2023;6.7;1294132.5
04.01.2023;7.9;1400035.5
05.01.2023;11.2;1335106.75
06.01.2023;10.3;1276183.25
07.01.2023;9.5;1153712.5
08.01.2023;8.9;1123149
09.01.2023;7.5;1386812.75
10.01.2023;6.4;1437926.75
11.01.2023;8.6;1463759
12.01.2023;9.2;1495196.5
13.01.2023;9.6;1453933
14.01.2023;8;1272512.25
15.01.2023;6.8;1222049.75
16.01.2023;5.3;1450468.5
17.01.2023;2.9;1481387.75
18.01.2023;0.6;1466745
19.01.2023;0.3;1504152.25
20.01.2023;0.7;1442666
21.01.2023;-1.2;1298176
22.01.2023;0.8;1215139.5
23.01.2023;1.7;1436044.75
24.01.2023;2.5;1433834.5
25.01.2023;1.4;1453478.5
26.01.2023;-0.4;1494557.25
27.01.2023;1.7;1465370.25
28.01.2023;2.1;1262141
29.01.2023;-0.4;1220881
30.01.2023;2.5;1496266
31.01.2023;3.9;1486766.5
01.02.2023;6.5;1490719
02.02.2023;8.1;1492826
03.02.2023;8.5;1474663.25
04.02.2023;6.9;1236956
05.02.2023;3.5;1182093
06.02.2023;2.6;1418291.5
07.02.2023;1;1445138.25
08.02.2023;-0.1;1465662.25
09.02.2023;-1.7;1501707.75
10.02.2023;0.5;1470337.75
11.02.2023;3.7;1279144
12.02.2023;5.8;1147581.75
13.02.2023;3.8;1387463.25
14.02.2023;0.2;1394897.75
15.02.2023;0.5;1409345.25
16.02.2023;4.9;1426645.5
17.02.2023;11.1;1425232.5
18.02.2023;12.1;1228306.75
19.02.2023;10.3;1127222.75
20.02.2023;9;1367854.25
21.02.2023;8.1;1387315.5
22.02.2023;7.5;1373354.5
23.02.2023;10.4;1384600.25
24.02.2023;8.2;1398353.25
25.02.2023;4.2;1272120.75
26.02.2023;0.9;1173730.25
27.02.2023;1.3;1378024
28.02.2023;1.8;1398488.5
01.03.2023;3.3;1398177.25
02.03.2023;5.2;1399827
03.03.2023;3;1384786.25
04.03.2023;1.7;1256040
05.03.2023;4.1;1152569.25
06.03.2023;3.8;1388987.25
07.03.2023;5.5;1449583
08.03.2023;6.4;1402036.75
09.03.2023;11.1;1368911.5
10.03.2023;9;1384374.5
11.03.2023;2.3;1228063.25
12.03.2023;5.2;1139675
13.03.2023;13.3;1405788.5
14.03.2023;9.2;1421882.75
15.03.2023;2.7;1420332.25
16.03.2023;5.2;1396940.5
17.03.2023;9.4;1368880.5
18.03.2023;13.5;1129007.5
19.03.2023;11.7;1046709
20.03.2023;10.5;1312900.25
21.03.2023;10.9;1343207.75
22.03.2023;13.8;1358624.75
23.03.2023;13.9;1370889.75
24.03.2023;13.6;1345341.75
25.03.2023;10.5;1156500.25
26.03.2023;8.9;1048632
27.03.2023;4.7;1344376.75
28.03.2023;5.1;1381556.25
29.03.2023;11.4;1366625
30.03.2023;13.7;1370125.75
31.03.2023;11.1;1336623
01.04.2023;10.6;1199832.75
02.04.2023;8;1113709.25
03.04.2023;4.7;1318946.75
04.04.2023;4.3;1328572.25
05.04.2023;4.9;1319004.75
06.04.2023;6.9;1301270.75
07.04.2023;8.9;1088092
08.04.2023;9.6;1056870.75
09.04.2023;9.9;930229.75
10.04.2023;12;991279.75
11.04.2023;11.2;1259343
12.04.2023;10;1317902.75
13.04.2023;8;1302852.75
14.04.2023;7.7;1273981.75
15.04.2023;7.8;1134165.75
16.04.2023;9.3;1048078.25
17.04.2023;10.5;1288536
18.04.2023;11.2;1320742.75
19.04.2023;11.2;1326539
20.04.2023;7.5;1337980.5
21.04.2023;10.2;1272104.75
22.04.2023;14.9;1071027.25
23.04.2023;14.1;987824.5
24.04.2023;11.1;1282876.5
25.04.2023;8.9;1328076
26.04.2023;7.8;1313300.75
27.04.2023;10.7;1294034
28.04.2023;13.2;1274151.25
29.04.2023;12.7;1098496.75
30.04.2023;14.1;976326.75
01.05.2023;13.8;988237.75
02.05.2023;12.6;1267295
03.05.2023;12.4;1277313.75
04.05.2023;15.5;1281876.25
05.05.2023;17.1;1307081.75
06.05.2023;16.7;1114925.75
07.05.2023;16.2;1030433.5
08.05.2023;15.7;1280216.25
09.05.2023;16.3;1313296.75
10.05.2023;14.8;1322452.75
11.05.2023;12.3;1310945
12.05.2023;13.6;1280002.25
13.05.2023;14;1075118
14.05.2023;14.7;982872.25
15.05.2023;15;1243658.25
16.05.2023;12.4;1303691.25
17.05.2023;11.1;1292700.75
18.05.2023;13.2;997142
19.05.2023;14.6;1100230.5
20.05.2023;17.1;1042275
21.05.2023;20;990974.5
22.05.2023;19.7;1247746
23.05.2023;16.4;1285404
24.05.2023;12.8;1260913
25.05.2023;15.7;1254776.5
26.05.2023;17;1227830
27.05.2023;17.4;997841.25
28.05.2023;18.9;900857
29.05.2023;20.2;924870
30.05.2023;18.5;1180885
31.05.2023;20.3;1239411.25
01.06.2023;20.8;1263636.25
02.06.2023;16.7;1222858.5
03.06.2023;18.6;1019841.75
04.06.2023;19.3;949229.5
05.06.2023;20.8;1198035.75
06.06.2023;20.4;1238115
07.06.2023;19.6;1230302.5
08.06.2023;20.3;1072759
09.06.2023;22;1142199.25
10.06.2023;24.4;1062745.5
11.06.2023;24.1;1000025.25
12.06.2023;22.3;1260688.75
13.06.2023;21.5;1277280.25
14.06.2023;20.5;1263530
15.06.2023;20.9;1257171
16.06.2023;20.8;1241138
17.06.2023;21.3;1050519.25
18.06.2023;23.6;988866
19.06.2023;24.4;1249958.75
20.06.2023;25.1;1297545.5
21.06.2023;23.7;1311800
22.06.2023;25.6;1290886
23.06.2023;22.1;1247394.25
24.06.2023;22.1;1040667.25
25.06.2023;23.8;972056.5
26.06.2023;23.7;1259233
27.06.2023;20.7;1280328.75
28.06.2023;20.4;1269247.25
29.06.2023;21.3;1274114
30.06.2023;20;1242976
01.07.2023;18.4;1061969.75
02.07.2023;20.5;1007689.75
03.07.2023;19.1;1263412.25
04.07.2023;21.1;1289744
05.07.2023;18.9;1290216.5
06.07.2023;18.8;1253100.25
07.07.2023;23.4;1220479.25
08.07.2023;24.8;1050949.75
09.07.2023;27.6;1003401.5
10.07.2023;25.6;1258361.25
11.07.2023;26.2;1277396
12.07.2023;24.1;1285182
13.07.2023;21.1;1260373.5
14.07.2023;22.7;1224880.75
15.07.2023;24.6;1087701.5
16.07.2023;21;988513.75
17.07.2023;22.2;1227092.75
18.07.2023;22.5;1249825.25
19.07.2023;23.7;1236340.25
20.07.2023;21.8;1236691
21.07.2023;19.7;1197335.75
22.07.2023;20.7;1013566
23.07.2023;22.2;979872.25
24.07.2023;20.8;1221543.75
25.07.2023;17.2;1225236.5
26.07.2023;15.9;1215942.75
27.07.2023;16.8;1227439
28.07.2023;19.2;1205179.25
29.07.2023;21.9;1026356.25
30.07.2023;20.2;956282.25
31.07.2023;19.6;1211423.25
01.08.2023;18.4;1224605.25
02.08.2023;18.1;1249470
03.08.2023;19;1243911.25
04.08.2023;17.5;1189244.25
05.08.2023;18;1002549
06.08.2023;15.5;971733.75
07.08.2023;15.2;1212292.75
08.08.2023;17.3;1221137.5
09.08.2023;17.6;1224452.5
10.08.2023;18.4;1209999
11.08.2023;21.5;1184314.25
12.08.2023;22.1;1055439.25
13.08.2023;22;963501.75
14.08.2023;24.1;1188985
15.08.2023;22.8;1209354.5
16.08.2023;22.8;1220635.5
17.08.2023;22.1;1241675.25
18.08.2023;25.2;1220749
19.08.2023;26.1;1065870.5
20.08.2023;26.4;978949
21.08.2023;26.7;1230364
22.08.2023;25.6;1254510.75
23.08.2023;23.5;1241496.25
24.08.2023;23;1261656.25
25.08.2023;22.6;1253612.5
26.08.2023;19.6;1054698.5
27.08.2023;17.9;973384.75
28.08.2023;15.5;1221190
29.08.2023;16.2;1251767.5
30.08.2023;17;1240418
31.08.2023;15.8;1245297.25
01.09.2023;18.1;1247501
02.09.2023;19.9;1036169
03.09.2023;20.2;973121.75
04.09.2023;21.8;1206742
05.09.2023;22.5;1254455.75
06.09.2023;21.7;1261034.5
07.09.2023;22.2;1271467
08.09.2023;21.5;1248425.5
09.09.2023;21.4;1069172.75
10.09.2023;22.3;991813.75
11.09.2023;22;1259002.5
12.09.2023;23.2;1308736
13.09.2023;20.5;1313444.75
14.09.2023;16.9;1270104.75
15.09.2023;18.3;1238262.75
16.09.2023;21.3;1060234.25
17.09.2023;23.8;989252
18.09.2023;20.6;1281954.25
19.09.2023;18.5;1267873.75
20.09.2023;19.5;1265850.25
21.09.2023;19.2;1304301.75
22.09.2023;15.7;1258884.25
23.09.2023;13.5;1055817.5
24.09.2023;13.3;964511.75
25.09.2023;14.2;1236363.75
26.09.2023;15.6;1266914
27.09.2023;16.8;1276337
28.09.2023;19.5;1290940
29.09.2023;19.9;1269252.75
30.09.2023;16.3;1074698.25
01.10.2023;15.5;976404
02.10.2023;17.1;1131981
03.10.2023;18.4;1059111.5
04.10.2023;13.1;1274900.25
05.10.2023;12.3;1319242.5
06.10.2023;12.3;1293424.25
07.10.2023;14.7;1110152.5
08.10.2023;16.6;1009062.5
09.10.2023;17.3;1281453.75
10.10.2023;16.3;1319793.75
11.10.2023;19.5;1326224.75
12.10.2023;17.9;1352925.25
13.10.2023;21.3;1309371.75
14.10.2023;16.7;1121976
15.10.2023;8.3;1083459.5
16.10.2023;6.6;1329105.75
17.10.2023;8.4;1357143.25
18.10.2023;9.6;1380029.5
19.10.2023;14.7;1403386.5
20.10.2023;15.2;1371647.25
21.10.2023;15.3;1137685.5
22.10.2023;12.1;1072712.25
23.10.2023;9.4;1335299
24.10.2023;12;1388683.5
25.10.2023;11.5;1376060.75
26.10.2023;12;1395145.75
27.10.2023;12;1361517.75
28.10.2023;12.1;1144678.25
29.10.2023;13.3;1162526.25
30.10.2023;13.4;1307607.25
31.10.2023;12.1;1302165
01.11.2023;12.7;1195271.25
02.11.2023;11;1381498.5
03.11.2023;8.7;1357687
04.11.2023;8.8;1201083.5
05.11.2023;11.2;1120364.75
06.11.2023;10.6;1402939.75
07.11.2023;9;1432330.25
08.11.2023;8.7;1450006
09.11.2023;8.7;1451743.5
10.11.2023;8.9;1411836.5
11.11.2023;7.1;1194688.75
12.11.2023;5.8;1131865
13.11.2023;11.2;1411451.75
14.11.2023;12;1441876.75
15.11.2023;11;1440701.25
16.11.2023;8.2;1457530
17.11.2023;7.4;1429458.75
18.11.2023;6.7;1225278
19.11.2023;12.3;1161763
20.11.2023;11.2;1388488
21.11.2023;9;1449863.75
22.11.2023;2.4;1466125.5
23.11.2023;4;1484012.25
24.11.2023;6.4;1461894.5
25.11.2023;3.7;1274791.75
26.11.2023;3.2;1184614.5
27.11.2023;3.2;1474431.75
28.11.2023;1.9;1538164
29.11.2023;1.3;1544118
30.11.2023;2.4;1524895.75
01.12.2023;1;1506035.5
02.12.2023;-1.3;1315155.5
03.12.2023;-1.8;1251967
04.12.2023;-1.2;1542724.5
05.12.2023;5;1565434
06.12.2023;4.3;1544443
07.12.2023;1.5;1512860.25
08.12.2023;3.4;1491088.25
09.12.2023;7.2;1263981.75
10.12.2023;9.8;1192777.75
11.12.2023;10.7;1424807.25
12.12.2023;8.5;1443863.5
13.12.2023;8.4;1467777.25
14.12.2023;6.6;1435248
15.12.2023;5.7;1411536
16.12.2023;5.2;1255107
17.12.2023;2.8;1191903.75
18.12.2023;3.1;1447024.75
19.12.2023;3.1;1459615.75
20.12.2023;5.9;1415539.75
21.12.2023;8.1;1385691.5
22.12.2023;8.8;1338532.75
23.12.2023;9.8;1200311.5
24.12.2023;10.5;1094547.5
25.12.2023;10.1;1059197
26.12.2023;9.1;1077192.25
27.12.2023;7.4;1157062.5
28.12.2023;8.7;1204966.25
29.12.2023;9.9;1186491.5
30.12.2023;9.1;1104329.75
31.12.2023;7.2;1051890
01.01.2024;7.7;1021080
02.01.2024;8.7;1271127.25
03.01.2024;10.5;1354050.5
04.01.2024;8.8;1381903.5
05.01.2024;7.3;1366758.25
06.01.2024;4.8;1248272
07.01.2024;2.4;1229167.5
08.01.2024;-1.4;1500717.75
09.01.2024;-3.3;1535753
10.01.2024;-2.5;1537874
11.01.2024;-3.4;1553537.5
12.01.2024;-2.7;1537871.75
13.01.2024;-0.8;1386131.25
14.01.2024;-2.4;1303766.5
15.01.2024;-0.2;1570357
16.01.2024;-2.1;1555490.5
17.01.2024;-1.3;1594771.5
18.01.2024;-1.4;1565016.25
19.01.2024;-4.6;1589958.5
20.01.2024;-8.1;1390531.75
21.01.2024;-2.3;1317760.25
22.01.2024;6.2;1538080.75
23.01.2024;7.4;1540014.5
24.01.2024;11.6;1504781
25.01.2024;8.9;1469992
26.01.2024;8.5;1454436.75
27.01.2024;2.4;1279784.75
28.01.2024;0.9;1138178.5
29.01.2024;2.7;1397396.5
30.01.2024;5.9;1445950.25
31.01.2024;8.1;1514986.75
01.02.2024;7;1507569.75
02.02.2024;5.8;1484117.25
03.02.2024;8.4;1294613.5
04.02.2024;9.3;1227674.5
05.02.2024;8.8;1445726
06.02.2024;7.7;1493298.25
07.02.2024;9.4;1496148.25
08.02.2024;10.5;1466770.5
09.02.2024;11.3;1450209.5
10.02.2024;9.8;1221815
11.02.2024;8.8;1161706.75
12.02.2024;8.2;1375301.25
13.02.2024;6;1437377.75
14.02.2024;9;1425812.5
15.02.2024;12.3;1399301.25
16.02.2024;12.8;1403246.25
17.02.2024;10.8;1207079
18.02.2024;8.7;1145994
19.02.2024;10.1;1414850.25
20.02.2024;8.6;1440520.75
21.02.2024;8.6;1458503.25
22.02.2024;10.2;1456507
23.02.2024;7.3;1445184.75
24.02.2024;5.7;1220587.5
25.02.2024;7.4;1158855.75
26.02.2024;9.9;1399382
27.02.2024;8.4;1429045.75
28.02.2024;5.6;1436330.25
29.02.2024;5.2;1453382.5
01.03.2024;6.8;1399353.5
02.03.2024;9.7;1185000.5
03.03.2024;10.7;1112723.5
04.03.2024;7.8;1411423.25
05.03.2024;7.5;1464541.5
06.03.2024;7.1;1431877.75
07.03.2024;6.2;1423678
08.03.2024;7.1;1379269.25
09.03.2024;9.6;1221117.25
10.03.2024;10.3;1171143.25
11.03.2024;9.4;1405393.5
12.03.2024;7.5;1412513.25
13.03.2024;9.6;1423990
14.03.2024;11.7;1398288.5
15.03.2024;12.4;1382702.75
16.03.2024;10.3;1217161.75
17.03.2024;9;1102700.75
18.03.2024;10.9;1369294.75
19.03.2024;10.8;1387820.75
20.03.2024;11.2;1355589.25
21.03.2024;11.5;1368859
22.03.2024;12;1368782.75
23.03.2024;8.1;1183285.25
24.03.2024;6.9;1136911
25.03.2024;7.9;1322880.75
26.03.2024;9.9;1376795.75
27.03.2024;8.8;1368202.5
28.03.2024;7.8;1352206
29.03.2024;10.4;1122028.25
30.03.2024;9.3;1072349.5
31.03.2024;13.6;864718
01.04.2024;10;1041487
02.04.2024;10.7;1326668.5
03.04.2024;11.1;1349412.75
04.04.2024;12.2;1355950
05.04.2024;16.4;1321410
06.04.2024;18.8;1113232.5
07.04.2024;18.4;1043015
08.04.2024;19.5;1265132.5
09.04.2024;13;1339949.5
10.04.2024;9.8;1349295.5
11.04.2024;10.5;1359908.75
12.04.2024;13.5;1320189
13.04.2024;16.7;1105669
14.04.2024;17.5;1056624
15.04.2024;12.5;1288905.75
16.04.2024;8.1;1368465.5
17.04.2024;7.9;1347067.5
18.04.2024;6.7;1352113.5
19.04.2024;6.3;1366390.75
20.04.2024;6.9;1150676.25
21.04.2024;5.2;1090198.75
22.04.2024;4.7;1329936.75
23.04.2024;6.1;1362938.75
24.04.2024;5.3;1374619.75
25.04.2024;6.6;1359405.75
26.04.2024;8.7;1317475
27.04.2024;13.2;1104069
28.04.2024;13.7;1055036.75
29.04.2024;15.5;1249768.25
30.04.2024;18.4;1265943.5
01.05.2024;19.2;977648.5
02.05.2024;16.2;1248289.25
03.05.2024;12.8;1287554.25
04.05.2024;14.1;1079405.5
05.05.2024;15.1;1031532.75
06.05.2024;14.3;1289584.25
07.05.2024;13.3;1316889.75
08.05.2024;13.1;1278744.25
09.05.2024;15.1;1016763.5
10.05.2024;16.1;1097757.5
11.05.2024;18.1;1016886.75
12.05.2024;18.9;973127.25
13.05.2024;18.4;1260027.5
14.05.2024;19.5;1293651.25
15.05.2024;15.7;1287045.75
16.05.2024;17.2;1310088
17.05.2024;14;1278607.5
18.05.2024;14.4;1073761.5
19.05.2024;14.4;955874.5
20.05.2024;16.9;964388.5
21.05.2024;15.6;1261562.25
22.05.2024;15.7;1307173.75
23.05.2024;15.9;1235897.25
24.05.2024;15.3;1212960.75
25.05.2024;16.8;992192.75
26.05.2024;17.6;972830.25
27.05.2024;18;1209857.75
28.05.2024;16.1;1208772.5
29.05.2024;16;1279524
30.05.2024;16.1;1097436
31.05.2024;14.9;1167677.5
01.06.2024;15.5;1072784.75
02.06.2024;16.8;1037858.25
03.06.2024;15.9;1261541.5
04.06.2024;16.6;1253161
05.06.2024;17;1290514
06.06.2024;18.4;1254607.5
07.06.2024;17.9;1223695
08.06.2024;19.1;1041593.75
09.06.2024;17.9;984087.75
10.06.2024;16.2;1238770.25
11.06.2024;14.1;1288722
12.06.2024;14.1;1297178.25
13.06.2024;15.1;1265399.25
14.06.2024;15.1;1258817.75
15.06.2024;17.2;1049889.25
16.06.2024;17.6;999384
17.06.2024;18.5;1248698
18.06.2024;21.3;1280398.25
19.06.2024;18.5;1293133.75
20.06.2024;19.7;1278746.25
21.06.2024;20.2;1261185
22.06.2024;16.8;1080581.75
23.06.2024;19.1;996102.25
24.06.2024;21.6;1219620.75
25.06.2024;23;1257934.75
26.06.2024;23;1281116.25
27.06.2024;25.1;1309375.75
28.06.2024;23.3;1269305.5
29.06.2024;24.7;1060522.25
30.06.2024;18.5;1049916.5
01.07.2024;17.1;1255238.75
02.07.2024;15.6;1305262.75
03.07.2024;15.4;1301699.75
04.07.2024;17;1315871.5
05.07.2024;19;1259627
06.07.2024;18.4;1086331.25
07.07.2024;17.2;983059.25
08.07.2024;19.6;1213182.25
09.07.2024;24.7;1274278
10.07.2024;23.2;1323157
11.07.2024;23;1275838.75
12.07.2024;22.2;1259328.5
13.07.2024;18.9;1067131.25
14.07.2024;20;989230.75
15.07.2024;22.8;1216637.75
16.07.2024;21.8;1268339.5
17.07.2024;20.7;1274574
18.07.2024;22.5;1264553.5
19.07.2024;24.4;1228499.25
20.07.2024;25.2;1065072.25
21.07.2024;24.7;1005621.5
22.07.2024;23;1249415.25
23.07.2024;20.4;1250083
24.07.2024;19.6;1239784
25.07.2024;20.2;1222179.25
26.07.2024;20.6;1226108
27.07.2024;20.8;1047631.75
28.07.2024;19.7;975491.25
29.07.2024;21.3;1138319
30.07.2024;23.9;1176721.75
31.07.2024;25.1;1215445
01.08.2024;21.7;1281153.5
02.08.2024;22.3;1222347.75
03.08.2024;21.9;1041826.75
04.08.2024;20.2;1003191.25
05.08.2024;20.6;1210206.75
06.08.2024;22.2;1230951
07.08.2024;23.1;1265740
08.08.2024;20.9;1249067.25
09.08.2024;22.9;1250240
10.08.2024;23.9;1060111
11.08.2024;23.8;992690.25
12.08.2024;25.8;1234082.5
13.08.2024;26.8;1300394.75
14.08.2024;23.6;1295530.75
15.08.2024;23.5;1241758.75
16.08.2024;23.9;1230733
17.08.2024;23.1;1058836.25
18.08.2024;19.7;1000247.5
19.08.2024;19.3;1201470.25
20.08.2024;19.6;1251541.5
21.08.2024;19.4;1274875.5
22.08.2024;18.7;1245999.5
23.08.2024;21.7;1268705.75
24.08.2024;25.7;1085988
25.08.2024;19.1;1004808
26.08.2024;17.3;1226284
27.08.2024;20.1;1247752
28.08.2024;22.8;1291307.25
29.08.2024;25.2;1314414.25
30.08.2024;24.3;1280762
31.08.2024;24.5;1058827
01.09.2024;25.8;1011448.75
02.09.2024;23.1;1276205.5
03.09.2024;23.4;1326380.25
04.09.2024;21.1;1357057
05.09.2024;24.3;1335986.5
06.09.2024;19.3;1313287.75
07.09.2024;21.6;1099099
08.09.2024;19;1040699.75
09.09.2024;17.4;1296825.25
10.09.2024;16.2;1332218
11.09.2024;13.3;1321308.25
12.09.2024;11.1;1284406.75
13.09.2024;10.8;1277324.5
14.09.2024;11.8;1091412.5
15.09.2024;12.5;1021685.5
16.09.2024;13;1291542.25
17.09.2024;17.3;1303570.25
18.09.2024;19.8;1273465
19.09.2024;19.7;1277031.5
20.09.2024;19;1233050.75
21.09.2024;17.1;1002567
22.09.2024;16.9;945731.75
23.09.2024;16.8;1206294
24.09.2024;15.6;1260840.25
25.09.2024;16.5;1293646.75
26.09.2024;16.4;1321367.25
27.09.2024;14.9;1337458.75
28.09.2024;12;1146370.75
29.09.2024;10.3;1039369
30.09.2024;13;1326559.75
01.10.2024;14.4;1339663.75
02.10.2024;12.8;1318949.5
03.10.2024;11.5;1095669.5
04.10.2024;11.2;1156938.25
05.10.2024;10.4;1066268.75
06.10.2024;10.8;1017598.25
07.10.2024;15.1;1287632.75
08.10.2024;15.4;1308472.5
09.10.2024;15.1;1311437.5
10.10.2024;14.5;1348678.75
11.10.2024;9.9;1316338.5
12.10.2024;9.5;1131569.75
13.10.2024;11.9;1082438.25
14.10.2024;7.7;1311607.75
15.10.2024;11.9;1315372.75
16.10.2024;13.9;1352292
17.10.2024;15.1;1343937.5
18.10.2024;13.8;1284742.5
19.10.2024;14.7;1126902.5
20.10.2024;11.8;1051856
21.10.2024;16.3;1302105.75
22.10.2024;13.6;1331705.5
23.10.2024;9.8;1328509.75
24.10.2024;11.4;1320363.75
25.10.2024;12.5;1282762.75
26.10.2024;10.6;1086088
27.10.2024;11.6;1096052
28.10.2024;11.6;1300084
29.10.2024;10.5;1309610.75
30.10.2024;8.9;1343602.75
31.10.2024;10.6;1268132
01.11.2024;10.8;1219064.25
02.11.2024;11.3;1141276.75
03.11.2024;9.9;1126541.75
04.11.2024;6.6;1335925.75
05.11.2024;5.1;1385386.25
06.11.2024;7;1414779
07.11.2024;6.8;1421129.25
08.11.2024;7.7;1406847
09.11.2024;8.1;1201015.25
10.11.2024;5.4;1141521
11.11.2024;5.6;1430760
12.11.2024;7.3;1439916.75
13.11.2024;5.8;1475445.5
14.11.2024;5.8;1482973.25
15.11.2024;7.5;1434138.25
16.11.2024;5.6;1304615.75
17.11.2024;5.5;1239255.25
18.11.2024;6.5;1507169.75
19.11.2024;8.8;1493536.75
20.11.2024;4.1;1500267
21.11.2024;2.2;1533264.5
22.11.2024;1.2;1507946.25
23.11.2024;4.7;1331646.5
24.11.2024;10.5;1238422.5
25.11.2024;13.2;1459586.75
26.11.2024;9.6;1492434.5
27.11.2024;9.4;1485728.5
28.11.2024;7.2;1502966
29.11.2024;3;1427937
30.11.2024;1.6;1295023
01.12.2024;-0.8;1240470.5
02.12.2024;4.1;1491681.5
03.12.2024;5.5;1492615
04.12.2024;2.8;1513638.5
05.12.2024;2.3;1539786.25
06.12.2024;7.8;1488982.5
07.12.2024;6.5;1291137.75
08.12.2024;6.4;1231954.25
09.12.2024;5.1;1540947
10.12.2024;4.9;1517898.75
11.12.2024;3.5;1496399.25
12.12.2024;2.4;1461856.5
13.12.2024;2;1453673
14.12.2024;0.5;1324852.5
15.12.2024;4.1;1260323.5
16.12.2024;7.3;1441869.75
17.12.2024;7;1436394
18.12.2024;8.8;1401654.75
19.12.2024;9.7;1382757.5
20.12.2024;4.2;1380819.75
21.12.2024;5.3;1269901.5
22.12.2024;4.9;1188050.75
23.12.2024;3.3;1276222.25
24.12.2024;3.8;1130943.25
25.12.2024;4;1087917.25
26.12.2024;1.6;1072831
27.12.2024;-0.2;1155151.25
28.12.2024;-2.8;1150659.75
29.12.2024;-1.3;1179162
30.12.2024;-0.2;1278285
31.12.2024;-0.8;1204279.5
